0,1,2,3
1,0,"{'0': 97, '1': 3}",['Hs']
1,0,{'0': 100},['XS']
1,0,{'0': 100},['ZSH']
1,0,{'0': 100},['XHSX']
1,0,{'0': 100},['HY']
1,0,{'0': 100},['Hs']
1,0,{'0': 100},['HS']
1,0,{'0': 100},['sH']
1,0,"{'0': 99, '1': 1}",['HS']
1,0,{'0': 100},['sXH']
1,0,"{'0': 99, '1': 1}",['sH']
1,0,{'0': 100},['sXH']
1,0,{'0': 100},['H']
1,0,"{'0': 99, '1': 1}",['Hs']
1,0,{'0': 100},['I']
1,0,{'0': 100},['S']
1,0,"{'0': 98, '1': 2}",['sXH']
1,0,"{'0': 99, '1': 1}",['XH']
1,0,"{'0': 99, '1': 1}",['YS']
1,0,{'0': 100},['ZH']
2,1,{'0': 100},"['YH', 'sXH']"
2,1,{'0': 100},"['ZH', 'HY']"
2,1,"{'0': 99, '1': 1}","['sH', 'Hs']"
2,1,"{'0': 99, '1': 1}","['XHSX', 'Y']"
2,1,"{'0': 99, '1': 1}","['Z', 'XH']"
2,1,"{'0': 99, '1': 1}","['XHSX', 'XH']"
2,1,{'0': 100},"['ZSH', 'H']"
2,1,{'0': 100},"['XH', 'Z']"
2,1,{'0': 100},"['XH', 'X']"
2,1,{'0': 100},"['ZSH', 'X']"
2,1,{'0': 100},"['YSH', 'YSH']"
2,1,{'0': 100},"['YS', 'XS']"
2,1,{'0': 100},"['Y', 'YSH']"
2,1,{'0': 100},"['HY', 'S']"
2,1,"{'0': 99, '1': 1}","['XH', 'XS']"
2,1,{'0': 100},"['sH', 'Y']"
2,1,"{'0': 99, '1': 1}","['SH', 'S']"
2,1,{'0': 100},"['YS', 'XHSX']"
2,1,{'0': 100},"['YS', 'XHSX']"
2,1,"{'0': 99, '1': 1}","['XH', 'Z']"
5,4,{'0': 100},"['HS', 'sH', 'H', 'XHSX', 'H']"
5,4,"{'0': 99, '1': 1}","['Hs', 'XSH', 'YH', 'HS', 'YH']"
5,4,{'0': 100},"['H', 'XS', 'ZH', 'HS', 'S']"
5,4,{'0': 100},"['SH', 'XH', 's', 'I', 'HY']"
5,4,"{'0': 99, '1': 1}","['YS', 'ZH', 'XS', 'XSH', 'X']"
5,4,{'0': 100},"['XS', 'XH', 'H', 'ZH', 'YSH']"
5,4,"{'0': 99, '1': 1}","['XSH', 'XsH', 'XS', 'YS', 'XsH']"
5,4,"{'0': 99, '1': 1}","['XH', 'H', 'sH', 'XH', 'X']"
5,4,{'0': 100},"['SH', 's', 'XH', 'YS', 'sXH']"
5,4,{'0': 100},"['XHSX', 'sXH', 'X', 'H', 'sXH']"
5,4,"{'0': 99, '1': 1}","['YS', 'YS', 'ZH', 'sXH', 'ZH']"
5,4,{'0': 100},"['Hs', 'XSH', 'HX', 'I', 'YS']"
5,4,"{'0': 96, '1': 4}","['XsH', 'XHSX', 'XS', 'sXH', 'sXH']"
5,4,{'0': 100},"['H', 'Hs', 'YH', 'X', 'YH']"
5,4,{'0': 100},"['H', 'XHSX', 'X', 'HS', 'YH']"
5,4,"{'0': 99, '1': 1}","['ZH', 'YH', 'YH', 'Z', 'H']"
5,4,{'0': 100},"['I', 'Y', 'H', 'I', 'H']"
5,4,"{'0': 98, '1': 2}","['Z', 's', 's', 'XH', 'sXH']"
5,4,"{'0': 98, '1': 2}","['YS', 'XSH', 'ZH', 'HY', 'Hs']"
5,4,"{'0': 99, '1': 1}","['XHSX', 'H', 'H', 'YS', 'S']"
10,9,"{'0': 98, '1': 2}","['ZH', 'YSH', 'YSH', 'X', 'I', 'Z', 'sH', 'XS', 'SH', 'XHSX']"
10,9,{'0': 100},"['H', 'H', 'Z', 'Y', 'YS', 'ZH', 'XS', 'sXH', 'sXH', 'H']"
10,9,"{'0': 99, '1': 1}","['XS', 'ZH', 'HX', 'HY', 'XSH', 'Y', 'Z', 'YSH', 'HY', 'ZH']"
10,9,"{'0': 98, '1': 2}","['XSH', 'XS', 'H', 'X', 'X', 'YH', 'YH', 'XS', 'sXH', 's']"
10,9,"{'0': 99, '1': 1}","['s', 'ZSH', 'Z', 'H', 'ZSH', 'YSH', 'YSH', 'I', 'Y', 'XS']"
10,9,{'0': 100},"['XHSX', 'XSH', 'Hs', 'S', 'S', 'XH', 'XsH', 'S', 'XsH', 'YSH']"
10,9,"{'0': 99, '1': 1}","['HX', 'Y', 'sXH', 'Y', 'XH', 'sH', 'HS', 'ZSH', 'HX', 'YH']"
10,9,{'0': 100},"['Y', 'sXH', 'ZSH', 'SH', 'S', 'sH', 'HS', 'HS', 'ZH', 's']"
10,9,{'0': 100},"['HS', 'S', 'Z', 'XH', 's', 'SH', 'HS', 'Z', 'S', 'XH']"
10,9,"{'0': 99, '1': 1}","['H', 'XH', 'X', 'Hs', 'YSH', 'XSH', 'XH', 'X', 'XH', 'HS']"
10,9,{'0': 100},"['s', 'Z', 'Hs', 'XsH', 'H', 'I', 'ZH', 'H', 'I', 'YSH']"
10,9,"{'0': 97, '1': 3}","['Z', 'XH', 'YSH', 'HS', 'XS', 'YH', 'H', 'Y', 'sH', 'SH']"
10,9,{'0': 100},"['YH', 'H', 'I', 'YSH', 'XSH', 'HY', 'H', 'XsH', 'SH', 'I']"
10,9,"{'0': 96, '1': 4}","['sH', 'XHSX', 'SH', 'HY', 'ZSH', 'XSH', 'S', 'XS', 'XsH', 'sH']"
10,9,{'0': 100},"['HS', 'XH', 'SH', 'ZH', 'YS', 'X', 'XsH', 'Y', 'Hs', 'S']"
10,9,"{'0': 99, '1': 1}","['YS', 'sXH', 'XHSX', 'HS', 'SH', 'XsH', 'YS', 'H', 'sH', 'XH']"
10,9,{'0': 100},"['s', 'Z', 'XS', 'HS', 'sH', 'XsH', 'Hs', 'I', 'sH', 'Hs']"
10,9,"{'0': 98, '1': 2}","['XSH', 'SH', 'S', 'HX', 'SH', 'sXH', 'Y', 's', 'HX', 'ZSH']"
10,9,{'0': 100},"['ZSH', 'sH', 'HY', 'SH', 'I', 'Z', 'Z', 'XHSX', 'HX', 's']"
10,9,"{'0': 99, '1': 1}","['XsH', 'HY', 'HS', 'Z', 'sH', 'XHSX', 'S', 'XSH', 'Z', 'YS']"
20,19,"{'0': 99, '1': 1}","['X', 'X', 'XHSX', 'ZSH', 'YSH', 'Y', 'X', 'YH', 'sXH', 'Y', 'H', 'I', 'YSH', 'YS', 'YS', 'XsH', 'HS', 'XS', 'sH', 'Z']"
20,19,{'0': 100},"['XsH', 'XHSX', 'XsH', 'Y', 'Z', 'S', 'I', 'H', 'Z', 'HS', 'X', 'sH', 'XSH', 'XSH', 'ZH', 'Z', 'XSH', 'ZSH', 'X', 'I']"
20,19,"{'0': 99, '1': 1}","['S', 'ZH', 'Hs', 'sXH', 'SH', 'SH', 'HX', 'HY', 'Hs', 'Z', 'Y', 'YSH', 'Hs', 'XSH', 'XS', 'YH', 'HS', 'XH', 'sH', 'ZSH']"
20,19,"{'0': 99, '1': 1}","['ZH', 'YS', 'HY', 'H', 'Z', 'Z', 'HY', 'XS', 'S', 'X', 'YH', 'XS', 'Z', 'ZH', 'I', 'XS', 'HS', 'sH', 'YH', 'HX']"
20,19,{'0': 100},"['Hs', 'ZSH', 'ZSH', 'YH', 'YS', 'Z', 'S', 'YH', 's', 'Y', 'H', 'HS', 'HY', 'HY', 'HY', 'XsH', 'H', 'XS', 'YH', 'sH']"
20,19,"{'0': 98, '1': 2}","['XSH', 'sXH', 'XS', 'I', 'SH', 'XsH', 'X', 'S', 'X', 'sH', 'Hs', 'X', 'Z', 'sH', 'HY', 'ZSH', 'S', 'XH', 'X', 'XH']"
20,19,"{'0': 99, '1': 1}","['XsH', 'HX', 'XHSX', 'Hs', 'Hs', 'Z', 'ZH', 'XHSX', 'ZH', 'XH', 'XHSX', 'XS', 'Hs', 'XH', 'sXH', 'YSH', 'YH', 'ZH', 'YSH', 'Hs']"
20,19,"{'0': 99, '1': 1}","['s', 'I', 'HY', 'HY', 'X', 'YH', 'YH', 'XsH', 'YS', 'ZH', 'HS', 'XH', 'HY', 'sXH', 'S', 'XH', 'sXH', 'Y', 'Hs', 'XH']"
20,19,{'0': 100},"['HS', 'sH', 'XSH', 'HX', 'Y', 'H', 'HY', 'HS', 'SH', 'S', 'sH', 'I', 'H', 'Y', 'sXH', 'XsH', 'HS', 'ZH', 'XsH', 'HY']"
20,19,"{'0': 99, '1': 1}","['HY', 'XHSX', 'XHSX', 'HX', 'Hs', 'YS', 'Hs', 'HY', 'sXH', 'X', 'XsH', 'Y', 'XHSX', 'HS', 'S', 'sH', 'sXH', 'sXH', 'Z', 'HY']"
20,19,"{'0': 99, '1': 1}","['YH', 'sH', 'XS', 'YS', 'S', 'H', 'XSH', 'S', 'XsH', 'H', 'X', 'S', 'H', 'Z', 's', 'Z', 'sH', 'ZH', 'I', 'sH']"
20,19,{'0': 100},"['XHSX', 'Z', 'HY', 'YS', 'XS', 'XSH', 'Y', 'XS', 'HY', 'XH', 'H', 'XHSX', 'ZSH', 'S', 'HS', 'sH', 'XH', 'SH', 'XH', 'Z']"
20,19,{'0': 100},"['YSH', 'HX', 'Hs', 'YH', 'Hs', 'HY', 'SH', 'YSH', 'YSH', 'ZSH', 'YS', 'SH', 'HX', 'I', 'YS', 'XsH', 'X', 'X', 'HX', 'HS']"
20,19,"{'0': 96, '1': 4}","['YS', 'X', 'sH', 'sXH', 'Z', 'XH', 'sXH', 'S', 'YS', 'H', 'XSH', 'YSH', 'XsH', 'XSH', 'YH', 'YH', 'YS', 'H', 'X', 'I']"
20,19,"{'0': 98, '1': 2}","['Y', 'YSH', 'HY', 'Z', 'sH', 'H', 'Hs', 'S', 'Hs', 'YS', 'sH', 'XsH', 'YH', 'SH', 'XS', 'XHSX', 's', 'sXH', 'sH', 'sXH']"
20,19,{'0': 100},"['SH', 'Z', 'YS', 'S', 'XSH', 'XHSX', 'HS', 'sH', 'ZSH', 'Y', 'XH', 'XSH', 'YH', 'sH', 's', 'HX', 'HY', 'HY', 's', 'sH']"
20,19,{'0': 100},"['HY', 'XsH', 'SH', 'HS', 'HY', 'HS', 'SH', 'SH', 'YSH', 'Y', 'XsH', 'XH', 'X', 'XHSX', 'YSH', 'Hs', 'H', 'HY', 'X', 'YH']"
20,19,"{'0': 96, '1': 4}","['ZSH', 'Z', 'XH', 'XH', 'sH', 'XHSX', 'X', 'HX', 'YH', 'XsH', 'ZSH', 'sXH', 's', 'sXH', 'XsH', 'YH', 'ZH', 'X', 'SH', 'XsH']"
20,19,"{'0': 99, '1': 1}","['sH', 'HS', 'ZSH', 'Hs', 'ZSH', 'ZH', 'HX', 'SH', 'XH', 'Y', 'I', 'XsH', 'Hs', 'XSH', 'ZH', 'sH', 'XS', 'XsH', 'ZH', 'Z']"
20,19,{'0': 100},"['XHSX', 'YH', 'Z', 'Z', 'XSH', 'I', 'HY', 'XHSX', 'H', 'ZH', 'HY', 'sXH', 'XH', 'XH', 'ZH', 'Hs', 'YSH', 'XsH', 'I', 'ZH']"
50,49,"{'0': 99, '1': 1}","['YH', 'HY', 'XS', 'S', 'sXH', 'Z', 'Hs', 'SH', 'sH', 'ZH', 'ZH', 'I', 'YSH', 'XSH', 'YS', 'HY', 'XHSX', 'ZH', 'X', 'SH', 'sH', 'HY', 'XsH', 's', 's', 'Z', 'XS', 'HX', 'Y', 'I', 'S', 'Y', 'XH', 'S', 'XS', 'HX', 'HS', 'HS', 'sXH', 'XSH', 'ZH', 'Y', 's', 'ZSH', 'HS', 'Z', 'S', 'ZSH', 'YS', 'HY']"
50,49,"{'0': 97, '1': 3}","['SH', 'HY', 'HY', 'S', 'YS', 'YSH', 'Y', 'YH', 'YH', 'HY', 'HS', 'HY', 'ZSH', 'SH', 'XSH', 'S', 'HX', 'X', 'sXH', 'YH', 'Hs', 'Hs', 'Z', 'I', 'H', 'sH', 'X', 'ZSH', 'sXH', 'sXH', 'XsH', 'X', 'Z', 'HY', 'S', 'ZH', 'XH', 'YS', 'Z', 'HS', 'YS', 'H', 'SH', 'X', 'SH', 's', 'sH', 'I', 's', 'YSH']"
50,49,"{'0': 97, '1': 3}","['S', 'ZH', 'Hs', 'YH', 'XHSX', 'I', 'XH', 'S', 'XS', 'YH', 'SH', 'XsH', 'ZH', 'XHSX', 'YSH', 'ZH', 'sH', 'Hs', 's', 'HY', 'Hs', 'YS', 'sXH', 'H', 'XH', 'XsH', 'XH', 'sXH', 'YSH', 'ZSH', 'sXH', 'YSH', 'YSH', 'XHSX', 'HS', 'sXH', 'ZH', 'YH', 'Z', 'Hs', 'YSH', 'X', 'HY', 'Z', 'YSH', 'XH', 'XHSX', 'YS', 'HY', 'XH']"
50,49,"{'0': 97, '1': 3}","['Hs', 'HX', 'S', 'sXH', 'Y', 'XH', 'sH', 'YSH', 's', 's', 'XS', 'XSH', 'HY', 'H', 's', 'sH', 'XSH', 'XH', 'sXH', 'S', 'S', 's', 'YS', 'YSH', 'ZH', 'SH', 'HS', 'HX', 'YSH', 'SH', 'Hs', 'HS', 'XHSX', 'XS', 'sXH', 'Z', 'I', 'XSH', 'sH', 'XS', 'YH', 'sH', 'X', 'HY', 'ZH', 'Z', 'I', 'I', 'XHSX', 'HX']"
50,49,"{'0': 99, '1': 1}","['H', 'HY', 'XsH', 'XH', 'YS', 'X', 'I', 'HS', 'H', 'XsH', 'XH', 'HS', 'sXH', 'I', 'HY', 'ZSH', 'Hs', 'X', 'HY', 'Z', 'HS', 's', 'XH', 'YSH', 'XsH', 'X', 'XSH', 'XSH', 'Y', 'YH', 'X', 'SH', 'YSH', 'XsH', 'ZH', 'S', 'YS', 'H', 'Z', 'XS', 'HS', 'H', 'YS', 'HY', 'XH', 'Z', 'XS', 'YSH', 'sH', 'I']"
50,49,"{'0': 98, '1': 2}","['ZSH', 'YS', 'Y', 'XS', 'S', 'XH', 'S', 'Hs', 'YS', 'X', 'HY', 'Y', 'YS', 'X', 'sH', 'Z', 'HX', 'Y', 'SH', 'H', 'XH', 'HY', 'H', 'Hs', 'X', 'sH', 'I', 'SH', 'SH', 'YH', 'XS', 's', 'YS', 'SH', 'S', 's', 'HY', 'YS', 'Z', 'ZSH', 'sXH', 'S', 'H', 'sH', 'XSH', 'HS', 'I', 'YH', 'Hs', 'X']"
50,49,"{'0': 93, '1': 7}","['sXH', 'XSH', 'XS', 'Y', 'Hs', 'HX', 'XS', 'HS', 'XHSX', 'YSH', 'ZSH', 'X', 'XSH', 'SH', 'ZH', 'YSH', 'YS', 'sH', 'ZH', 'YH', 'H', 'YSH', 'YH', 'I', 'sXH', 'XH', 'YS', 'XsH', 'YH', 'ZSH', 'HY', 'HS', 'Y', 'S', 'Hs', 'I', 'XSH', 'HY', 'sXH', 'XsH', 'XsH', 'XsH', 'XsH', 's', 'HS', 's', 'Z', 'HY', 'sXH', 'YSH']"
50,49,"{'0': 98, '1': 2}","['XSH', 'HX', 'YS', 's', 'ZH', 'HY', 'YSH', 'SH', 'Hs', 'XHSX', 'XH', 'YS', 's', 'HX', 'XS', 'XsH', 'H', 'S', 'HX', 'X', 'YS', 'X', 'HX', 'XSH', 'ZH', 'XsH', 'sH', 'HS', 'ZH', 'Hs', 'H', 'XH', 'ZSH', 'Y', 'I', 'XH', 'HX', 'ZSH', 'XsH', 'XHSX', 'SH', 'XsH', 'sXH', 'S', 'X', 'sH', 's', 'HX', 'XS', 'I']"
50,49,"{'0': 99, '1': 1}","['XsH', 'XS', 'Y', 'HX', 'YS', 'YS', 'XSH', 'XHSX', 'YS', 'HY', 'I', 'HX', 'YSH', 'YS', 'XS', 'YS', 'XsH', 'Z', 'HS', 'XH', 'XHSX', 'Z', 'XSH', 'H', 'ZSH', 'XS', 'sH', 'SH', 'H', 'HS', 'Z', 'X', 'Z', 'I', 'YH', 'ZSH', 's', 'I', 'H', 'YSH', 'sH', 'XsH', 'sXH', 'H', 'S', 'Y', 'Y', 'HY', 'YH', 'XH']"
50,49,"{'0': 98, '1': 2}","['HY', 'ZH', 'H', 'ZSH', 'Y', 'sXH', 'Y', 'XsH', 'YSH', 'YH', 'Hs', 'XSH', 'ZH', 'sXH', 'XSH', 'XH', 'S', 'ZH', 'I', 'HY', 'X', 'YS', 'ZH', 'XSH', 'Z', 'HX', 'HY', 's', 's', 's', 'XsH', 'S', 'XH', 'XsH', 'HY', 'ZH', 'YSH', 'sXH', 'XH', 's', 'XSH', 'HX', 'I', 'Z', 'XsH', 'Y', 'SH', 'I', 'XS', 's']"
50,49,"{'1': 2, '0': 98}","['HX', 'I', 'HS', 'HX', 'XH', 'ZH', 'H', 'Z', 'Hs', 'Hs', 'SH', 'H', 'Y', 'YS', 'XSH', 'HS', 'X', 'XHSX', 'ZH', 'YH', 'I', 'I', 'ZSH', 's', 'YS', 'Y', 'H', 'HY', 's', 'X', 'H', 'YH', 'XsH', 'XH', 'YS', 'ZSH', 'HS', 'HY', 'S', 'HS', 'sXH', 'X', 'XSH', 'XHSX', 'X', 'YSH', 'XH', 'YH', 'XsH', 'YS']"
50,49,"{'0': 96, '1': 4}","['XHSX', 's', 'I', 'XS', 'SH', 'XS', 'XsH', 'YS', 'YS', 'XSH', 'Z', 'I', 'sXH', 's', 'XH', 'HS', 'H', 'XHSX', 'YS', 'sH', 'ZH', 's', 'Z', 'ZSH', 'XS', 'YH', 'XS', 'SH', 'YS', 'YS', 'S', 'H', 'HX', 'sXH', 'Hs', 'YH', 'YSH', 'Z', 'XsH', 'X', 'H', 's', 'HY', 'sH', 'XS', 'Y', 'XsH', 'XHSX', 'XHSX', 'SH']"
50,49,"{'0': 97, '1': 3}","['HY', 'sH', 'HS', 'YH', 'Z', 'HX', 'XsH', 'sH', 'XsH', 'sH', 'sXH', 'Hs', 'ZSH', 'ZH', 'XH', 's', 'X', 'H', 'sXH', 'H', 'S', 'Y', 'Y', 'X', 'SH', 'I', 'Hs', 'Y', 'YS', 'XsH', 'YSH', 'YSH', 'sXH', 'S', 'sXH', 'XsH', 'XHSX', 'XH', 'ZSH', 'XH', 'SH', 'HX', 'sXH', 'YSH', 'HS', 'sXH', 'XHSX', 'HS', 'HS', 'ZH']"
50,49,"{'0': 97, '1': 3}","['XSH', 'Z', 'Z', 'HX', 'YSH', 'Z', 'XsH', 'HY', 'H', 'HX', 'HS', 'YH', 'SH', 'XsH', 'Hs', 's', 's', 'XSH', 'sH', 'YS', 'XS', 'Z', 'Hs', 'Hs', 'XHSX', 'Hs', 'XS', 'XH', 'X', 'I', 's', 'sH', 'SH', 'ZSH', 'HY', 'YSH', 'HX', 's', 's', 'sH', 'YS', 'XsH', 's', 'YSH', 'HS', 'Z', 'X', 'HX', 'XSH', 'YH']"
50,49,"{'0': 92, '1': 8}","['S', 's', 'XSH', 'sXH', 'ZH', 'S', 'XS', 'XSH', 'sH', 'XHSX', 'H', 'XSH', 'sH', 'S', 'XH', 'X', 'HS', 'ZH', 'X', 'sXH', 'sH', 'YH', 'Y', 'XS', 'S', 'XSH', 'HS', 'XSH', 'XS', 'XHSX', 'SH', 'HX', 'XS', 'HX', 'XsH', 'sXH', 'SH', 'Hs', 'YH', 'I', 'ZH', 'HY', 'YH', 'YS', 'H', 'XsH', 'H', 'YS', 'H', 'YH']"
50,49,"{'0': 98, '1': 2}","['X', 'XSH', 'YSH', 'Y', 'HX', 'XHSX', 'HS', 'Y', 'Z', 'sXH', 'HS', 'Y', 'X', 'XS', 'S', 'YS', 'SH', 'XH', 'X', 'sXH', 'sXH', 'HY', 'Z', 'sXH', 'HX', 'XsH', 'Hs', 'S', 'Z', 'HY', 'I', 'sH', 'XsH', 'YSH', 'SH', 'HX', 'XH', 'sH', 'XHSX', 'ZSH', 'X', 'I', 'Hs', 'XHSX', 'YS', 'HX', 'SH', 'XS', 'XHSX', 'sH']"
50,49,"{'0': 97, '1': 3}","['XSH', 'XsH', 'XsH', 'sXH', 'XsH', 'HS', 'sH', 'YSH', 'HX', 'X', 'S', 'YS', 'ZSH', 'sXH', 'I', 'sXH', 'ZH', 'XS', 'sXH', 'YH', 'XHSX', 'I', 'H', 'YSH', 'X', 'HY', 'sXH', 'Y', 'Y', 'HS', 'YSH', 'S', 'S', 'I', 's', 'S', 'X', 'HY', 'HS', 'sXH', 'Z', 'YSH', 'HS', 's', 'I', 'I', 's', 'HS', 'HX', 'Hs']"
50,49,"{'0': 98, '1': 2}","['Y', 'XHSX', 'XSH', 'HX', 'Y', 'X', 'sH', 'YH', 'HY', 'sH', 'S', 'XsH', 'sH', 'Z', 'YH', 'XS', 'ZH', 'H', 'XS', 'XSH', 'XS', 'Y', 'HS', 'X', 'X', 'sXH', 'X', 'HX', 'XsH', 'S', 'Z', 'Z', 'Y', 'Y', 'HX', 'X', 'I', 'HS', 'XS', 'YSH', 'YSH', 'ZSH', 'sH', 'HX', 'S', 'YSH', 'XSH', 'ZSH', 'sXH', 'HY']"
50,49,"{'0': 99, '1': 1}","['XsH', 'I', 'ZH', 'XH', 'ZSH', 'XH', 'I', 'Y', 'HS', 'X', 'XsH', 'S', 'I', 'XSH', 's', 'HX', 'YS', 'YSH', 's', 'Y', 'XsH', 'XH', 'XH', 'YS', 'S', 'I', 'XHSX', 'H', 'HX', 'XsH', 'X', 'I', 'HX', 'YS', 'SH', 'XS', 'sH', 'XHSX', 'YH', 'XH', 'XS', 'XSH', 's', 'HX', 'sH', 'Y', 'ZSH', 'I', 'sH', 'HX']"
50,49,"{'0': 96, '1': 4}","['HY', 'XS', 'XS', 'Hs', 'X', 'SH', 'HY', 'sXH', 'X', 'Hs', 'YH', 'YH', 'HY', 'sXH', 'YS', 'Y', 'Y', 'XHSX', 'YSH', 'I', 'YSH', 'XsH', 'X', 'X', 'YSH', 'YS', 'XsH', 'H', 'HX', 'SH', 'HY', 'SH', 'S', 'XHSX', 'I', 'XSH', 'XH', 'ZH', 'SH', 'Hs', 'I', 'I', 's', 'ZSH', 'ZH', 'X', 'HS', 'YS', 'Z', 'HS']"
100,99,"{'0': 98, '1': 2}","['HY', 'Y', 'Y', 'XS', 'YSH', 'I', 'XS', 'sH', 'XHSX', 'I', 'YH', 'I', 'YSH', 'ZSH', 'SH', 'HS', 's', 'XsH', 'HS', 'ZH', 'XS', 'HY', 'Z', 's', 'Z', 's', 'XSH', 'Z', 'Z', 'Hs', 'sXH', 'YH', 'HX', 'XH', 'sXH', 'ZH', 'XHSX', 'SH', 'Hs', 's', 'XH', 'XsH', 'Z', 'SH', 'ZSH', 'YS', 'Y', 'ZSH', 'XH', 'S', 'sH', 'Hs', 'ZH', 'ZH', 'I', 'S', 'XSH', 'H', 'YH', 'H', 'XH', 'XSH', 'HS', 'HS', 's', 'Z', 'Z', 'Z', 'XsH', 'XSH', 'XHSX', 'I', 'sH', 'I', 'XSH', 'Y', 'XS', 'Hs', 'XSH', 'ZH', 'I', 'XS', 'X', 'Y', 'XH', 'sXH', 'XH', 'S', 'H', 'ZSH', 'HX', 'Y', 'XSH', 'HX', 'HX', 'Z', 'HS', 'XH', 'X', 'H']"
100,99,"{'0': 93, '1': 7}","['sH', 'S', 'XSH', 'XH', 'ZH', 'SH', 'H', 'HS', 'Hs', 'sXH', 'XsH', 'X', 'Hs', 'ZH', 'YSH', 'X', 'S', 'sH', 'ZSH', 'Y', 'XHSX', 'sH', 'I', 'ZH', 'SH', 'XsH', 'ZSH', 'ZSH', 'I', 'YS', 'HX', 'ZH', 'SH', 'Hs', 'HX', 'ZSH', 'YH', 'ZH', 'H', 'H', 'HX', 'HY', 'ZSH', 'S', 'S', 'I', 'YH', 'X', 'YS', 'Y', 'S', 's', 'ZSH', 'SH', 'X', 'YS', 'HY', 'HX', 'Y', 'XSH', 'ZH', 'XS', 'Z', 'Hs', 'SH', 'XHSX', 'ZSH', 'Y', 'ZSH', 'HX', 'YS', 'XS', 'sXH', 'I', 'XHSX', 's', 'XSH', 'X', 'YSH', 'sH', 'XSH', 'SH', 'YS', 'ZH', 'sXH', 'SH', 'YH', 'sH', 'YS', 'XHSX', 'HS', 'S', 'YH', 'YH', 'ZSH', 'sXH', 'XSH', 'sXH', 'X', 's']"
100,99,"{'0': 95, '1': 5}","['XsH', 'HX', 's', 'H', 'Z', 'HY', 'HX', 'XHSX', 'HS', 'XHSX', 'sH', 'XS', 'X', 'ZSH', 'Z', 'X', 'YS', 'YH', 'S', 'YSH', 'Z', 'SH', 'ZH', 'X', 'H', 'I', 'HY', 'XsH', 'Y', 'ZSH', 's', 'HY', 'XSH', 'HX', 'Hs', 'Y', 'XS', 'H', 'ZH', 'YS', 's', 'H', 'XSH', 'XS', 's', 's', 's', 'XH', 'XS', 'XS', 'XH', 'Hs', 'YSH', 'XHSX', 'HY', 'H', 'YSH', 'Y', 'ZSH', 'YSH', 's', 'Hs', 'X', 'XS', 'YSH', 'sH', 'XsH', 'XHSX', 'XsH', 'HY', 'H', 'XSH', 'sH', 'XsH', 'YSH', 'XHSX', 'XHSX', 'HS', 'HY', 'Z', 'HS', 'XH', 'Y', 'SH', 'HY', 'ZH', 'SH', 'ZH', 'sH', 'XSH', 'YSH', 'X', 'SH', 's', 'YSH', 'Hs', 'XH', 'H', 'XHSX', 'Hs']"
100,99,"{'0': 96, '1': 4}","['X', 'YSH', 'Hs', 'X', 'YSH', 'XSH', 'I', 'HS', 's', 's', 'ZH', 'X', 'SH', 'HY', 'SH', 'Hs', 'sXH', 'SH', 'XH', 'sH', 'H', 'XHSX', 'SH', 'S', 'XsH', 'Hs', 'I', 'XHSX', 'YSH', 'X', 's', 'XSH', 'ZH', 's', 'YH', 'SH', 'HX', 'H', 'sH', 'YSH', 's', 'XsH', 'XHSX', 'XsH', 'HS', 'Z', 'YSH', 'XSH', 'X', 'I', 'H', 'Z', 'Z', 'YS', 'sH', 'Y', 's', 'S', 'I', 'YH', 'I', 'X', 'Y', 's', 'Y', 'Z', 'sXH', 'SH', 'Hs', 'HY', 'X', 'Z', 'Y', 'HS', 'X', 'YS', 'sH', 'X', 'HS', 'XsH', 'YS', 'S', 'XH', 'HY', 'YH', 'Z', 'ZSH', 'sXH', 'ZSH', 'I', 'HY', 'Z', 'XsH', 'sH', 'HY', 'ZH', 'ZSH', 'S', 's', 'Z']"
100,99,"{'0': 95, '1': 5}","['XH', 'Y', 's', 'YH', 'XH', 'sXH', 'HX', 'XS', 'HS', 'ZH', 'sXH', 'Y', 'HS', 'Z', 'ZSH', 'HS', 'X', 'Hs', 'XS', 'YS', 'XSH', 'Y', 'SH', 'XSH', 'XH', 'XHSX', 'Y', 'XS', 'Hs', 'ZH', 'HS', 'sH', 'HY', 'XS', 'Z', 'XHSX', 'Y', 'H', 'YS', 'SH', 'Hs', 'YH', 'HS', 'XH', 'Y', 'sXH', 'ZH', 'YSH', 's', 'I', 'XsH', 'S', 'H', 'ZH', 's', 'sH', 'ZSH', 'S', 'XHSX', 'XHSX', 'I', 'ZSH', 'XHSX', 'YH', 'ZH', 'ZH', 'I', 'XSH', 'YH', 'H', 'SH', 'XHSX', 'XH', 'I', 'XHSX', 'I', 'HX', 'Z', 'Z', 'Hs', 'XHSX', 'YH', 'XHSX', 'XH', 'sH', 'HS', 'ZSH', 'Hs', 'XSH', 'Z', 'sH', 'HX', 'HS', 'sH', 'sXH', 'XHSX', 'I', 'XH', 'YSH', 'sXH']"
100,99,"{'0': 98, '1': 2}","['XS', 'ZH', 'XHSX', 'XsH', 'ZSH', 's', 'sXH', 'ZSH', 'SH', 'sH', 'XSH', 'HY', 'HS', 'XSH', 'sH', 'HY', 'YH', 'XHSX', 'ZH', 'Z', 'Y', 'I', 'XsH', 'YSH', 'HS', 'XHSX', 'H', 'XH', 'XSH', 'ZSH', 'Hs', 'YSH', 'X', 's', 'HX', 'sXH', 'Y', 'SH', 'SH', 'X', 'SH', 'ZSH', 'Y', 'S', 'XsH', 'XSH', 'ZSH', 'XsH', 'XH', 'XSH', 'XHSX', 'XS', 'Z', 'S', 'Z', 'XsH', 'SH', 'sXH', 'sH', 'ZH', 'X', 'ZSH', 'XsH', 'XH', 'I', 'Z', 'sH', 'X', 'HX', 'H', 'ZSH', 'XSH', 'ZSH', 'XsH', 'YS', 'XSH', 'sXH', 'ZH', 'YH', 'XHSX', 'XSH', 'H', 'YSH', 'Hs', 'HS', 'YSH', 'HX', 'Y', 'X', 'HS', 'ZH', 'XH', 'H', 'YH', 'XsH', 'ZSH', 'Hs', 'HS', 'Z', 'H']"
100,99,"{'0': 93, '1': 7}","['XS', 'Z', 'HS', 'S', 'Y', 'XSH', 'ZH', 'H', 'YS', 'Hs', 'XSH', 'ZSH', 'XS', 'HY', 'YSH', 's', 'ZH', 'HS', 'sXH', 'sXH', 'Y', 'XS', 'sXH', 'X', 'Z', 'SH', 'HS', 'S', 'YS', 'ZSH', 'ZSH', 'XS', 'XHSX', 'HX', 'YS', 'Hs', 'XHSX', 'Z', 'HY', 'Hs', 'HX', 'XH', 's', 'YS', 'YH', 'XSH', 'Z', 'YSH', 'YH', 'S', 'H', 'XHSX', 'Y', 'Hs', 'Z', 'HY', 'S', 'Y', 'I', 'YH', 'HX', 'YH', 'I', 'ZSH', 'HY', 'SH', 'XHSX', 'I', 'H', 'YH', 'Y', 'sH', 'Z', 'I', 'HS', 'YH', 'YSH', 'YSH', 'H', 'XsH', 'SH', 'ZSH', 'Y', 'YSH', 'HY', 'HX', 'Hs', 'HX', 'ZH', 'XHSX', 'ZH', 'X', 'XsH', 'sXH', 'X', 'H', 'H', 'ZSH', 'XHSX', 'XSH']"
100,99,"{'0': 96, '1': 4}","['X', 'H', 'HS', 'XS', 'XH', 'XS', 'sH', 'XSH', 'HY', 's', 'S', 'YS', 's', 'I', 'XH', 'I', 's', 'sH', 'YS', 'XH', 'ZH', 'XHSX', 'Hs', 'XHSX', 'HX', 'HS', 'X', 'YS', 's', 'ZSH', 'XSH', 'YSH', 'HY', 'S', 'YS', 'XsH', 'YSH', 'XSH', 'XS', 'HY', 'Y', 'XHSX', 'Y', 'XHSX', 'sH', 'HX', 'X', 'XH', 'XsH', 'HX', 'HY', 'H', 'YSH', 'HX', 'HS', 'XSH', 'Z', 'ZH', 'Y', 'H', 'Y', 'H', 'X', 'Y', 'XsH', 's', 'XSH', 'ZSH', 'XHSX', 's', 'sXH', 'YH', 'X', 'ZH', 'I', 'H', 'Z', 'ZSH', 'XsH', 'HY', 'ZSH', 'YH', 'Z', 'S', 'XsH', 'sH', 'XSH', 'sH', 'YSH', 'YH', 'HS', 'Hs', 'YSH', 's', 'YS', 's', 'XH', 'HS', 'YH', 'YH']"
100,99,{'0': 100},"['HX', 'Z', 'HY', 'YS', 'sH', 'HS', 'Hs', 'XSH', 'H', 'XS', 'ZSH', 'sH', 'sXH', 'XsH', 'HS', 'XS', 'HX', 'YSH', 'YSH', 'X', 'S', 'ZH', 'Hs', 'Z', 'I', 'Z', 'XS', 'XHSX', 'SH', 'XH', 'YH', 'HY', 'H', 'ZH', 'Hs', 'XS', 'YS', 'sXH', 'HS', 'H', 'XS', 'XSH', 'XSH', 'HY', 'ZH', 's', 'XH', 's', 'H', 'XHSX', 'H', 'X', 'ZH', 'XH', 'ZH', 'ZH', 'XSH', 'Hs', 'ZH', 'sXH', 'HX', 'YS', 'YS', 'HS', 'SH', 'XsH', 'X', 'HX', 'HY', 'HX', 'SH', 'Y', 'HX', 'ZSH', 'YH', 'Hs', 'XS', 'Y', 'ZSH', 'I', 'XS', 'YS', 'ZSH', 'sXH', 'YSH', 'YSH', 'XH', 'I', 'XS', 'Z', 'HS', 'Z', 'Z', 'S', 'YS', 'I', 'H', 'ZSH', 'sXH', 'YSH']"
100,99,"{'1': 5, '0': 95}","['S', 'HX', 'Z', 'I', 'Z', 'sXH', 'Hs', 'ZH', 'SH', 'I', 'sH', 'SH', 'HX', 'XHSX', 'sH', 'XS', 'XHSX', 'YH', 'ZSH', 's', 'XH', 'YH', 'sXH', 'XHSX', 'Y', 'Hs', 'YS', 'YSH', 'SH', 'ZSH', 'HX', 'YH', 'Hs', 'YS', 'YSH', 'XS', 'S', 'ZSH', 's', 'YSH', 'HX', 'HY', 'YS', 'XsH', 'HY', 'YH', 'YH', 'XsH', 's', 'H', 'S', 'H', 'HX', 'SH', 'ZSH', 'Y', 'XHSX', 'Z', 'YS', 'HY', 'X', 'HS', 'YS', 'Z', 'XS', 'XH', 'H', 'Hs', 'S', 'SH', 'XSH', 'Z', 's', 'YS', 'YS', 'Hs', 'ZSH', 'H', 'HX', 'YSH', 'Z', 'Hs', 'YSH', 's', 'I', 'Y', 'HY', 'YH', 'YS', 'ZH', 'XS', 'X', 'Y', 'sH', 'I', 'HS', 'Z', 'HS', 'XH', 'HX']"
100,99,"{'0': 98, '1': 2}","['HX', 's', 'XSH', 'YH', 'sH', 'ZH', 'X', 'Hs', 'YH', 'S', 'SH', 'sXH', 'S', 'sH', 'Z', 'XHSX', 'HX', 'XSH', 'HY', 'HS', 'YSH', 'YS', 'sXH', 'X', 'sH', 'sH', 'XSH', 'XSH', 'HY', 'YSH', 'HY', 'YH', 'S', 'HY', 's', 'H', 's', 'HY', 'HY', 'HS', 'XsH', 'Z', 'HS', 'YH', 's', 'XS', 'ZSH', 'sH', 'sH', 'YS', 'sH', 'HX', 's', 'sH', 'YH', 'HY', 'XS', 'HX', 'Z', 's', 'sXH', 'XS', 'HY', 'XsH', 'ZH', 'XsH', 'I', 'Hs', 'Z', 's', 's', 'YS', 'XH', 'Y', 'HX', 'HS', 'YS', 'XS', 'SH', 'sXH', 'XH', 'Y', 'sXH', 'XH', 'I', 'H', 'YS', 'XHSX', 'H', 'ZSH', 'XHSX', 'XsH', 'Y', 'ZSH', 'ZH', 'Z', 'Hs', 'SH', 'Hs', 'YSH']"
100,99,"{'0': 94, '1': 6}","['X', 'ZH', 'YH', 'I', 'ZSH', 'HY', 'Z', 'HS', 'YS', 'sH', 'XSH', 'HX', 'S', 'Y', 'Z', 'SH', 'XHSX', 's', 'I', 'XsH', 'Z', 'S', 'Hs', 'ZSH', 'S', 'YSH', 'XS', 'Y', 'HX', 'YS', 'ZH', 'HX', 'HX', 'Y', 'sXH', 'HY', 'YH', 'ZH', 'Hs', 'YH', 'Z', 's', 'XsH', 'Y', 'S', 'XH', 'XHSX', 'YSH', 'ZSH', 'H', 'ZH', 'ZSH', 'X', 'X', 'Y', 'I', 's', 'XS', 'XS', 'HY', 'ZH', 'HX', 'Hs', 'XS', 'X', 'H', 'XH', 's', 'XSH', 'Hs', 'S', 'HS', 'Hs', 'Y', 'XH', 'X', 's', 'XHSX', 'I', 'YSH', 's', 'sH', 'sXH', 'ZH', 'X', 'H', 'Y', 'S', 'YSH', 'sXH', 'Y', 'XHSX', 'XS', 'XHSX', 'I', 'SH', 'YS', 'HS', 'X', 'XH']"
100,99,"{'0': 99, '1': 1}","['XSH', 'sH', 'Z', 'XHSX', 'I', 's', 'Y', 'YH', 'I', 'XSH', 'XS', 'XH', 'XSH', 'sXH', 'Hs', 'HS', 'SH', 'YS', 'YH', 'H', 'ZH', 'Y', 'HY', 'XH', 'HX', 'sH', 'HX', 'Z', 'I', 'sH', 'XsH', 'HX', 'YH', 'YS', 'YS', 'ZH', 'H', 'Hs', 'Hs', 'Z', 'Hs', 'XSH', 's', 'ZH', 'sH', 'sXH', 'HX', 'YSH', 'YSH', 'XH', 'XH', 'XS', 'XH', 'Z', 'Hs', 'YSH', 'I', 'Y', 'YH', 'XS', 'H', 'XH', 'XH', 'X', 'YS', 'HS', 'Z', 'Z', 'X', 'YS', 'Y', 'XS', 'XHSX', 'HY', 'XH', 'S', 'YSH', 'I', 'Hs', 'HX', 'H', 'S', 'XsH', 'ZH', 'sH', 'Hs', 'XH', 'sH', 'XSH', 'YSH', 'X', 'I', 'HY', 'XHSX', 'ZSH', 'YH', 'X', 'sH', 'H', 'Z']"
100,99,"{'0': 98, '1': 2}","['XSH', 'H', 'YH', 'Y', 'Hs', 'I', 'Hs', 'XH', 'XS', 'I', 'Y', 'XH', 'H', 'Y', 'H', 'sXH', 's', 'XSH', 'HS', 'ZH', 'YS', 's', 'Y', 'ZSH', 'I', 'XHSX', 'I', 'ZH', 'ZH', 'YH', 'Z', 'S', 'XsH', 's', 'XHSX', 'S', 'S', 'XsH', 'XH', 'YSH', 'HY', 'XHSX', 'HX', 'ZSH', 's', 'Hs', 'I', 'HY', 's', 'YSH', 'S', 'X', 'sH', 'ZH', 'SH', 'X', 's', 'XSH', 'SH', 'X', 'ZSH', 'I', 'YSH', 'sXH', 's', 'Hs', 'Hs', 'XH', 'XsH', 'Z', 'HS', 'XSH', 'YS', 'I', 'sH', 'Z', 'YSH', 'XH', 'YH', 'Hs', 'Hs', 'Y', 'X', 'I', 'H', 'XS', 'sXH', 'HY', 'sH', 'XS', 'sH', 'SH', 'XH', 'HX', 'Hs', 'YS', 'XHSX', 'XS', 'ZH', 'XH']"
100,99,"{'0': 97, '1': 3}","['YSH', 'Y', 'Y', 'ZH', 'SH', 'HS', 'HS', 'HY', 'YH', 'Hs', 'sXH', 'sH', 's', 'sH', 'Hs', 'YH', 'S', 'X', 'ZSH', 'XsH', 'HX', 'YH', 'ZSH', 'ZSH', 'YH', 'sXH', 'HY', 'H', 'HY', 'ZH', 'sXH', 'sH', 'Hs', 'XH', 'sH', 'YH', 'Y', 'YS', 'S', 'SH', 's', 'YSH', 'Z', 'H', 'sXH', 'YH', 'I', 'XHSX', 'YSH', 'X', 'X', 'HS', 'X', 'XsH', 'S', 'sH', 'Z', 'YS', 'XH', 's', 's', 'XHSX', 'H', 'ZSH', 'H', 'HX', 'ZSH', 'X', 'YS', 'YH', 'Y', 'XsH', 'XHSX', 's', 'YS', 'Z', 'Hs', 'Hs', 'Z', 'XSH', 'S', 'S', 'Hs', 'XHSX', 'HS', 'Hs', 'YSH', 'sH', 'YH', 'Hs', 'sXH', 'SH', 'HY', 'XH', 'YS', 'Hs', 'HY', 'XsH', 'sH', 'HX']"
100,99,"{'0': 91, '1': 9}","['S', 'H', 'X', 'YH', 'HX', 'YH', 'YH', 'H', 'H', 's', 'HX', 's', 'XS', 'Hs', 'HY', 'I', 'H', 'XSH', 's', 'XSH', 'SH', 'YS', 'XH', 'XH', 'XH', 's', 'YH', 'H', 'XSH', 'XHSX', 'XSH', 'HY', 'Hs', 'ZSH', 'XS', 'HY', 'HY', 'S', 'XHSX', 'X', 'XS', 's', 'XHSX', 's', 'Hs', 'Y', 'HS', 'XSH', 'X', 'Y', 'X', 'YS', 'H', 'I', 'sH', 'XSH', 'ZSH', 'X', 'HX', 'I', 'SH', 'HS', 'ZSH', 'XH', 'HX', 'HY', 'Z', 'ZH', 'S', 'sXH', 'H', 's', 'Hs', 'Hs', 'YS', 'HY', 'I', 'YH', 'HX', 'Hs', 'I', 'HS', 'YH', 'ZSH', 'I', 'YH', 'XSH', 'sXH', 'HX', 'XHSX', 'HY', 'YH', 'XH', 'S', 'I', 'YH', 'XSH', 'Hs', 'ZH', 'sXH']"
100,99,"{'0': 94, '1': 6}","['sH', 'XH', 'XsH', 'SH', 'sH', 'I', 'S', 'Z', 'ZH', 'sH', 'XsH', 'sXH', 's', 's', 'Y', 's', 'YSH', 'ZH', 'HS', 'XSH', 'XsH', 'S', 'X', 'Hs', 'YS', 'H', 'H', 'X', 'YH', 'X', 'XSH', 'ZSH', 'S', 'sH', 'ZSH', 'YSH', 'sXH', 'S', 'YH', 'Y', 'H', 'YSH', 'YS', 'I', 'XHSX', 'Y', 'ZH', 'YH', 'HY', 'ZH', 'S', 'HY', 'XHSX', 'Z', 'S', 'SH', 'SH', 'Z', 'Y', 'S', 'Y', 'YH', 'H', 'Y', 'YS', 's', 'ZH', 'sXH', 'XsH', 'SH', 'XsH', 'H', 'I', 's', 'XHSX', 'I', 'sXH', 'H', 'SH', 'YS', 'I', 'HS', 'Hs', 'X', 'XS', 'sXH', 'HY', 'H', 's', 'XS', 'Z', 'sXH', 'HY', 'S', 'Z', 'XH', 'Hs', 's', 'Hs', 'XH']"
100,99,"{'0': 94, '1': 6}","['I', 's', 'X', 'YH', 'XHSX', 'sXH', 'YS', 'HS', 'XsH', 'H', 'SH', 'YS', 'XsH', 'XSH', 'XS', 'HS', 'YH', 'YSH', 's', 'H', 'S', 'Y', 'XH', 'X', 'ZH', 's', 'Hs', 'Hs', 'XS', 'YH', 'sXH', 'ZSH', 'YH', 'ZH', 'XHSX', 'XHSX', 'sH', 'H', 'S', 'ZH', 'YS', 'Y', 'XH', 'Z', 'XsH', 'S', 'I', 'XH', 'X', 'XS', 'ZH', 'ZH', 'XS', 'ZSH', 'HS', 's', 'I', 'HY', 'XsH', 'HX', 'YS', 'XSH', 'XsH', 'Z', 'XS', 'XSH', 'YH', 'ZH', 'XH', 'ZSH', 'H', 'XS', 'HS', 'Z', 'HY', 'SH', 'SH', 'S', 'ZSH', 'Y', 'XS', 'Hs', 's', 'XSH', 'HS', 'ZSH', 'HS', 'I', 'HY', 'SH', 'YSH', 'ZSH', 'Hs', 'sXH', 'HX', 'I', 'HX', 's', 'XH', 'XHSX']"
100,99,"{'1': 3, '0': 97}","['Hs', 'Z', 'ZH', 'YH', 'Z', 'YSH', 'HS', 'YS', 'XSH', 'HY', 'X', 'YSH', 'sXH', 'X', 'XHSX', 'sXH', 'ZSH', 'sXH', 'SH', 'Hs', 'YSH', 'XS', 'YS', 'S', 'ZH', 'SH', 'Hs', 'sH', 'YS', 'H', 'ZSH', 'HY', 'Y', 'sXH', 'XSH', 'YH', 'XSH', 'YS', 'sXH', 'HX', 's', 'XS', 'HY', 'YS', 'HY', 'XHSX', 'S', 'H', 'ZSH', 'HX', 'YSH', 'Z', 'XSH', 'Hs', 'sH', 'HX', 'ZH', 'Y', 's', 'SH', 'XS', 'XsH', 'H', 'ZSH', 'X', 'ZH', 'HS', 'XsH', 'YS', 'XS', 'H', 'sH', 'YSH', 'sH', 'Hs', 'HY', 'ZH', 'sXH', 'YS', 's', 's', 'ZSH', 'ZH', 'XH', 'YH', 'SH', 'ZSH', 'XH', 'YH', 'YS', 'YSH', 'XSH', 'XS', 'ZH', 'S', 's', 's', 'X', 'SH', 'ZH']"
100,99,"{'0': 97, '1': 3}","['XH', 'sH', 'ZSH', 'sXH', 'XSH', 'X', 'YSH', 'Hs', 'Hs', 'Z', 'Hs', 'sXH', 'XHSX', 'Hs', 'Z', 'XsH', 'XSH', 'XHSX', 'X', 'XsH', 'H', 'XHSX', 'XS', 'HS', 'S', 'YS', 'YSH', 'YSH', 'HY', 's', 'H', 'XsH', 's', 'XS', 'HX', 'HX', 's', 'SH', 's', 'sXH', 'HS', 'XsH', 'Hs', 'sXH', 'XH', 'HS', 'XsH', 'HX', 'XSH', 'YS', 'Z', 'XS', 'HX', 'YH', 'Y', 's', 'H', 'HY', 'ZH', 'HS', 'XHSX', 'Y', 'XHSX', 'Y', 'XSH', 'HX', 'sXH', 'XS', 'XH', 'XS', 'ZSH', 'XSH', 'Z', 'XH', 'Z', 'YH', 'HY', 'XS', 'X', 'sXH', 'SH', 'YH', 'sH', 'HX', 'ZH', 'H', 'ZSH', 'S', 'HX', 'H', 'Hs', 'H', 'YS', 'S', 'I', 'YS', 'HY', 'Z', 'XHSX', 'sXH']"
200,199,"{'0': 92, '1': 8}","['sH', 'Z', 'XsH', 'S', 'sH', 'Y', 'YH', 'sH', 'YSH', 'XH', 'Z', 'S', 'Y', 'XH', 'XsH', 'HS', 'YS', 'HY', 'YSH', 'Hs', 'ZSH', 'XHSX', 'XHSX', 'S', 'YSH', 'XH', 'Z', 'XH', 'I', 'Z', 'YS', 'HY', 'Z', 'XsH', 'SH', 'YSH', 'XsH', 'Y', 'sXH', 'HX', 'YS', 'H', 'SH', 'I', 'Z', 'H', 'HY', 'YS', 'XS', 'X', 'X', 'sH', 'ZSH', 'Hs', 'I', 'HX', 'YS', 'HX', 'YS', 'SH', 'S', 's', 'Hs', 'S', 'Hs', 'sH', 's', 'sXH', 'SH', 'HX', 'sH', 'XH', 'YSH', 'I', 'ZSH', 'S', 'HX', 'sH', 'ZH', 'XHSX', 'H', 'HX', 'sH', 'XHSX', 'S', 'I', 'S', 'Y', 'XH', 'sXH', 's', 'H', 'YH', 'H', 'YSH', 'XH', 'XsH', 'Y', 'XH', 'XH', 'Y', 's', 'XSH', 'HS', 'HY', 'ZH', 'I', 'I', 'Y', 'I', 'Y', 'Hs', 'SH', 'S', 'YH', 'XHSX', 'XS', 's', 'ZH', 's', 'ZSH', 'HY', 'SH', 'sH', 'HX', 'S', 'S', 's', 's', 'YS', 'H', 'YS', 'ZH', 'Hs', 'HS', 'YS', 'YS', 'HY', 'H', 'HS', 'XS', 'sXH', 'sXH', 'SH', 's', 'XH', 'S', 'H', 'X', 'S', 'sXH', 'Hs', 'sH', 'HX', 'YSH', 'HS', 'S', 'X', 'XHSX', 's', 'XS', 'SH', 'HS', 'HS', 'HS', 'SH', 'sH', 'sXH', 'XsH', 'ZSH', 'YSH', 'ZH', 'S', 'YH', 'Hs', 'XSH', 'YH', 'XsH', 'ZH', 'HY', 'YS', 'ZH', 'XS', 'XsH', 's', 'YSH', 'HX', 'YS', 'YH', 'XsH', 'X', 's', 'YSH', 'H', 'HY', 'XsH', 'Z', 'Hs', 'Z', 'X']"
200,199,"{'0': 93, '1': 7}","['YS', 'Y', 'ZH', 'YS', 'Z', 'HX', 'HS', 'XHSX', 'XHSX', 'XHSX', 'XSH', 's', 'sH', 'XSH', 'XsH', 'X', 'S', 'XS', 'HX', 'ZH', 'X', 'HY', 'Y', 'XS', 'YH', 'XSH', 'XHSX', 'X', 'Z', 'H', 'Y', 'H', 'H', 'HY', 's', 'X', 'S', 'XSH', 'YS', 'H', 'YSH', 'sH', 'X', 'sH', 'Y', 'S', 'Hs', 'sXH', 'HX', 'HX', 'S', 'XS', 'Z', 'ZSH', 'XSH', 'X', 'HX', 'Hs', 'XSH', 'XS', 'Y', 'Hs', 'H', 'X', 'ZSH', 'sH', 'sH', 'XS', 'Hs', 'YH', 'X', 'Hs', 'S', 's', 'Y', 'SH', 'HS', 'H', 'I', 'Hs', 'I', 'HX', 'YSH', 'ZH', 'X', 'H', 'X', 'XsH', 'ZSH', 'XSH', 'S', 'HY', 'XH', 'I', 'ZH', 'H', 'X', 'SH', 'XSH', 'S', 'Y', 'YSH', 's', 'XS', 'SH', 'ZSH', 'XH', 'HY', 'I', 'YH', 'YSH', 'XsH', 'YSH', 'YH', 'sXH', 'sH', 'HY', 'XS', 'HX', 'XsH', 'sXH', 'YSH', 'HS', 'sH', 'sH', 'H', 'ZH', 'HS', 'Z', 'XH', 'XSH', 'YSH', 'H', 'sXH', 'Y', 'ZH', 'HY', 'SH', 'S', 'YSH', 'S', 'SH', 'XSH', 'HY', 'Hs', 'HX', 'XS', 'SH', 'ZH', 'H', 'X', 'HS', 'H', 'YSH', 'Hs', 'sXH', 'XS', 'Z', 'XsH', 'sH', 'ZSH', 'HY', 'S', 'YSH', 'ZH', 'sXH', 'YH', 'XH', 'Y', 'XS', 'XHSX', 'S', 'sXH', 'Z', 'ZSH', 'S', 'sH', 'XsH', 'HS', 'S', 'HS', 'XS', 'sXH', 'HX', 's', 'XSH', 'XsH', 'SH', 'XsH', 'HS', 'Y', 'YH', 'YS', 'XHSX', 'sXH', 'sH', 'HY', 'S', 'YH', 'I']"
200,199,"{'0': 96, '1': 4}","['HS', 'I', 'S', 'XH', 'sH', 'HS', 'sH', 'ZH', 'H', 'sXH', 'HY', 'I', 'sXH', 'sXH', 'HY', 'X', 'ZH', 'S', 'Hs', 's', 'XS', 'ZH', 'XsH', 'HX', 'YS', 'X', 'HY', 'I', 'Z', 'YSH', 'SH', 'H', 'SH', 'H', 'SH', 'ZSH', 'HY', 'XsH', 'Z', 'I', 'HY', 'S', 'sH', 'ZH', 'YSH', 'XHSX', 'ZH', 'Hs', 'HX', 'ZSH', 'ZH', 'SH', 'XsH', 'Hs', 'ZSH', 'H', 'ZSH', 'YSH', 'XsH', 'HY', 'S', 'XsH', 'sH', 'XsH', 'XHSX', 'XsH', 'S', 'Hs', 'Z', 'H', 'S', 'YS', 'X', 'HS', 'XH', 'YS', 'HS', 'YH', 'XHSX', 'ZH', 'XsH', 'XH', 'HX', 'XHSX', 'I', 'HY', 'I', 'I', 'SH', 'YS', 'XsH', 'XsH', 'H', 'X', 'H', 'Y', 'sH', 'SH', 'S', 'HS', 'YSH', 'YS', 'HY', 'HY', 'I', 'Y', 'XS', 'X', 'H', 'I', 'HX', 'XsH', 'XHSX', 'YSH', 'S', 'YH', 's', 'XS', 'XS', 'Z', 's', 'Z', 'YH', 'ZH', 'sXH', 'XS', 'XsH', 'S', 'HS', 'sH', 'ZH', 'YS', 'SH', 'sH', 'XS', 'S', 'XSH', 'ZSH', 'YH', 'YS', 'XSH', 'I', 'YSH', 'HY', 'Y', 'Y', 'I', 'I', 's', 'HX', 'HX', 'Y', 'H', 'ZSH', 'Y', 'SH', 'ZH', 'HY', 'YS', 'HX', 'HY', 'YS', 'H', 'S', 'ZSH', 'YSH', 'I', 'HX', 'HX', 'SH', 'XsH', 'XH', 'XsH', 'XsH', 'XsH', 'HX', 'SH', 'I', 'XS', 'ZH', 'YH', 'HX', 'sXH', 'XsH', 'Z', 'HX', 'XH', 'ZH', 'H', 'ZSH', 'sXH', 'HY', 'YH', 'Y', 'S', 's', 'S', 'HX', 'XSH', 'YH']"
200,199,"{'0': 92, '1': 8}","['HY', 'Hs', 'YS', 'Z', 'XsH', 'HX', 'XHSX', 'SH', 'YS', 'I', 'I', 'HS', 'S', 'HY', 'XH', 'HS', 'sXH', 'S', 'YSH', 'XH', 'HY', 'ZSH', 'XS', 'YSH', 'HS', 'sH', 'H', 's', 'Y', 'YS', 'XSH', 'HX', 'HY', 'ZH', 's', 'Hs', 'XHSX', 'S', 'Hs', 'XS', 'HY', 'XH', 'YSH', 'ZSH', 'HX', 'HX', 'I', 'Hs', 'X', 'XSH', 'XS', 'YH', 'Z', 'sXH', 'HX', 'ZH', 'ZSH', 'Hs', 'XH', 'XS', 'Y', 'XS', 'H', 'XH', 'Z', 'XHSX', 'HS', 'XsH', 'XSH', 'XS', 'ZSH', 'XHSX', 'HX', 'HY', 'HY', 'XSH', 'HS', 'sH', 'Y', 'YSH', 'Z', 'Z', 's', 'YSH', 'ZH', 'XHSX', 'I', 'ZSH', 'XsH', 's', 'S', 'S', 'H', 'HY', 'XSH', 'Z', 'Z', 'ZH', 'SH', 'YS', 'ZSH', 'HY', 'I', 'ZSH', 'XsH', 'XS', 'XS', 'X', 'HY', 'HS', 'I', 'YSH', 'HS', 'XH', 'sH', 'X', 'YH', 'HS', 'S', 'HY', 'XsH', 's', 'sH', 'XsH', 'XHSX', 'HS', 'I', 'XsH', 'XS', 'YS', 'XH', 'XHSX', 'XSH', 'HS', 'XHSX', 'S', 'Z', 'HY', 'HX', 'XsH', 'Hs', 'ZH', 'XsH', 'I', 'ZSH', 'X', 'XsH', 'XH', 'HX', 'HY', 'X', 'sXH', 'ZH', 'sXH', 'YS', 'Z', 'S', 'YSH', 'S', 'XHSX', 'HS', 'Y', 'Y', 'S', 's', 'HS', 'SH', 'YH', 'Z', 'X', 'I', 'HS', 'XH', 'ZH', 'SH', 'I', 'XSH', 'XS', 'SH', 'Hs', 'SH', 'ZSH', 'XsH', 'XsH', 'Hs', 'Hs', 'H', 'S', 'ZH', 'sXH', 'XsH', 'YSH', 'sH', 'XsH', 'S', 'SH', 'I', 'X', 'H', 'HS']"
200,199,"{'0': 98, '1': 2}","['sXH', 'X', 'YS', 'sXH', 'S', 'XS', 'Hs', 'HX', 'HS', 'XS', 'S', 'XsH', 'ZSH', 'XsH', 'YS', 'YS', 'HY', 'YSH', 'XsH', 'XH', 'HY', 'XHSX', 'S', 'YH', 'sXH', 'SH', 'SH', 'Hs', 'Hs', 'I', 'YH', 'HY', 'XS', 'sXH', 'SH', 'Hs', 'HX', 'I', 'XHSX', 'YSH', 'HY', 'XH', 'XS', 'I', 'Y', 'XSH', 'YS', 'ZSH', 'sXH', 'XHSX', 'sXH', 'XS', 'HX', 'YS', 'HS', 'HY', 'Y', 'ZSH', 'XH', 'ZSH', 'HX', 'SH', 'XsH', 'SH', 'S', 'sH', 's', 'I', 'I', 'XH', 'YSH', 'YS', 'HY', 'ZH', 'sH', 'XS', 'XSH', 'ZH', 'sXH', 'X', 'HS', 'X', 'HS', 'S', 'YH', 'HX', 'HX', 'Z', 'XH', 'sXH', 'XH', 'YSH', 'Y', 'sH', 'ZSH', 'SH', 'XH', 'XH', 'Hs', 'XSH', 'SH', 'HS', 'X', 'XsH', 'XSH', 'X', 'ZSH', 'ZSH', 'XsH', 'XsH', 'sH', 'Hs', 'HS', 'ZSH', 'S', 'H', 'XS', 'Hs', 'sXH', 'sH', 'Y', 'SH', 'X', 'Y', 'YH', 'YS', 'ZH', 's', 'XsH', 'YSH', 'XSH', 'XH', 'HX', 'sXH', 'H', 'XsH', 'XSH', 'XHSX', 'I', 'XS', 'Z', 'ZH', 'sH', 'Y', 'SH', 'HY', 'ZH', 'HS', 'XsH', 'ZSH', 'YH', 'I', 'YSH', 'Y', 'X', 'XsH', 'Y', 'ZSH', 'Z', 'sXH', 'HY', 'YH', 'S', 'sXH', 'XHSX', 'HX', 'XHSX', 'YSH', 'XS', 'SH', 'X', 'Hs', 'ZH', 'YS', 'Y', 'HY', 'sXH', 'YS', 'XSH', 'S', 'ZH', 'HX', 'XH', 'ZH', 'HY', 'Hs', 'Y', 'SH', 'sH', 'YSH', 'H', 'HX', 'sXH', 'X', 'Y', 'S', 'SH', 'sH', 'HS', 'ZSH']"
200,199,"{'0': 92, '1': 8}","['XSH', 'X', 's', 'I', 'YS', 'Y', 'ZSH', 'XsH', 'XSH', 'I', 'XSH', 'HS', 'ZSH', 'SH', 'XS', 'XSH', 'ZH', 'HX', 'XSH', 'XSH', 'ZH', 'ZH', 'Z', 'YS', 'S', 'XHSX', 'SH', 's', 'XSH', 'XS', 'ZSH', 'Z', 'YS', 'sXH', 'XS', 'Hs', 'YH', 'SH', 'HY', 's', 'XSH', 'HY', 'sXH', 'XH', 'XHSX', 'HS', 'HX', 'S', 'XS', 'ZH', 'S', 'HX', 'Y', 'XH', 'YSH', 'HY', 'HS', 'YS', 'Hs', 'ZSH', 'I', 'Y', 'XHSX', 's', 'ZH', 's', 'XsH', 's', 'YH', 'HX', 'sH', 'Z', 'X', 'XsH', 'HS', 'XHSX', 'XsH', 'X', 'H', 'XS', 'YH', 'I', 'XS', 'I', 'Z', 'HX', 'XSH', 'XS', 'Hs', 'Hs', 'YH', 'ZH', 'YS', 'YSH', 'Z', 'XHSX', 'Z', 'YSH', 'Hs', 's', 'Z', 'XsH', 'Y', 'sXH', 'XsH', 'X', 'HX', 'H', 'I', 'YS', 'XsH', 'I', 'XHSX', 'YS', 'YS', 'XS', 'S', 'XsH', 'X', 'I', 'Z', 'sXH', 'Hs', 'HY', 'YSH', 'sH', 'HS', 'XSH', 'YS', 'H', 'Z', 's', 'YSH', 'Z', 'YH', 'YS', 'S', 'ZSH', 'XH', 'I', 'X', 'HY', 'XSH', 'XH', 'H', 'ZSH', 'YSH', 'ZSH', 'sH', 'YSH', 'SH', 'XH', 'Z', 's', 'sXH', 'sXH', 'HX', 'sH', 'XH', 'I', 'XS', 'SH', 'YH', 'XHSX', 'X', 'Y', 'XS', 'XH', 'HY', 'XHSX', 's', 'YH', 'YSH', 'YSH', 'sH', 'XH', 'Y', 'XH', 'XSH', 'I', 'YH', 'XHSX', 'YS', 'XsH', 'XsH', 'Y', 'XsH', 'XS', 's', 'XsH', 'sXH', 'S', 'S', 'S', 's', 'Hs', 'sXH', 'S', 'YSH', 'S']"
200,199,"{'0': 96, '1': 4}","['ZSH', 'X', 'HX', 'Y', 'sH', 'I', 'ZSH', 'ZH', 'sXH', 'Hs', 'HX', 'Z', 'S', 'YSH', 'X', 'sXH', 'Y', 'HY', 'Hs', 'S', 'X', 'S', 'YSH', 'YS', 'I', 'XsH', 'sXH', 'ZSH', 'ZH', 'ZH', 'ZH', 'Hs', 'Z', 'SH', 's', 'I', 'S', 'YSH', 'HS', 'Y', 'ZH', 'I', 'ZSH', 'XH', 'YS', 'X', 'I', 'I', 'HY', 'sH', 'YH', 'H', 'X', 'S', 'XHSX', 'XHSX', 'sH', 'HX', 'YH', 'SH', 'HX', 'YS', 'Hs', 'HY', 'Z', 'I', 'ZH', 'sXH', 'XH', 'XH', 's', 'HS', 'H', 'Z', 'ZSH', 'YH', 'ZSH', 'XH', 'XH', 'Y', 'ZSH', 'ZSH', 'XHSX', 'ZH', 'YS', 'Z', 'XSH', 'X', 'YSH', 'H', 'HY', 'YH', 'X', 'YS', 'XsH', 'Y', 'YSH', 'Y', 'YH', 'YH', 'S', 'Y', 'SH', 'Hs', 'SH', 'XH', 's', 'XSH', 'ZSH', 'ZSH', 'Y', 'X', 'XS', 'S', 'ZH', 'YH', 'sH', 'H', 'Hs', 'S', 'SH', 'XS', 'I', 'YSH', 'HS', 'X', 'YSH', 'H', 'Z', 'HY', 'HX', 'Z', 'Hs', 'XsH', 'ZSH', 'XH', 'XS', 'SH', 'S', 'HY', 'H', 'Z', 'HS', 'ZH', 'HS', 'X', 'XHSX', 'HX', 'HS', 'HX', 'Hs', 'Hs', 'Hs', 'sXH', 'Z', 'XSH', 'H', 'X', 'XsH', 'Y', 's', 'I', 'SH', 'YS', 'S', 'sXH', 'sH', 'sXH', 'ZSH', 'HS', 'XS', 'XH', 'HY', 'XSH', 'HS', 'XH', 'HX', 'sH', 'sXH', 'sXH', 'I', 'YH', 's', 'sXH', 'XSH', 's', 'XHSX', 'sXH', 'SH', 'HS', 'HX', 'sH', 'XS', 'sH', 'XsH', 'HY', 'I', 'XH', 'SH', 'X']"
200,199,"{'0': 91, '1': 9}","['XHSX', 's', 'ZH', 'HX', 'sH', 'XS', 'ZSH', 'I', 'XH', 'XS', 'ZSH', 'HX', 'XH', 'ZH', 'XS', 'YH', 'Hs', 'XSH', 'ZSH', 'XSH', 'Z', 'ZH', 'HY', 'XS', 'Y', 'HX', 'HS', 'sXH', 'XSH', 'ZH', 'YS', 'Y', 'ZSH', 'XsH', 'sH', 'HX', 'I', 'S', 'ZSH', 'YS', 'XHSX', 'XsH', 'HY', 'YSH', 'sXH', 'ZSH', 'XH', 's', 'sH', 'S', 'HX', 'H', 'HS', 'YH', 'ZH', 'H', 'S', 'sH', 'XsH', 'X', 'X', 'ZH', 'Z', 'S', 'XS', 'X', 'XH', 'HS', 's', 'H', 'sH', 'XSH', 'XSH', 'HY', 'XHSX', 'X', 'XsH', 'XH', 'ZH', 'ZSH', 'S', 's', 'I', 'XSH', 'sH', 'Y', 'YS', 'HY', 'X', 'sXH', 'I', 'Z', 'HS', 'HX', 'X', 'Y', 'H', 'HY', 'HY', 'XS', 'HX', 'YSH', 'XsH', 'YS', 'Hs', 'XHSX', 'ZSH', 'HX', 'YSH', 'Z', 'SH', 'sH', 'XH', 'X', 'YS', 'HX', 'XsH', 'sXH', 'H', 'X', 'ZH', 'Z', 'XH', 'YSH', 'sXH', 'ZH', 'YS', 'I', 'HS', 'ZSH', 'XsH', 'sH', 's', 'XH', 'XH', 'XH', 'Hs', 'HS', 'HX', 'ZSH', 'YSH', 'XH', 'HX', 'HS', 'XHSX', 'I', 'HS', 'ZH', 'Z', 'Y', 'sXH', 's', 'Z', 'I', 'HY', 'sXH', 'I', 'XS', 'YH', 'sH', 'X', 'XSH', 'XSH', 'X', 's', 'XsH', 'X', 'YSH', 'HS', 'YH', 'H', 'X', 'sH', 'XHSX', 'Hs', 'ZH', 'ZH', 'XH', 'I', 'H', 'S', 'YH', 'Hs', 'Hs', 'YH', 'ZH', 'sH', 'HY', 'ZH', 'YSH', 'XHSX', 'YH', 'S', 'H', 'sH', 'YH', 'YH', 'HS', 'I', 'YH']"
200,199,"{'1': 9, '0': 91}","['YSH', 'I', 'H', 'X', 'ZSH', 'XH', 'sXH', 'Y', 'XS', 'sXH', 'sXH', 'SH', 'YH', 'XSH', 'YH', 'Y', 'XSH', 's', 'X', 'Y', 'X', 'XSH', 'XSH', 'HX', 'XS', 'S', 'I', 'I', 'HX', 'ZSH', 'YS', 'S', 'HY', 'XSH', 'Y', 'Hs', 'Y', 'XSH', 'HY', 'ZH', 'XHSX', 'XsH', 'H', 'XsH', 'HY', 'HS', 'XHSX', 'X', 'XSH', 'HX', 'Hs', 'XHSX', 's', 'sH', 'YS', 'XS', 'I', 'YH', 'ZH', 'SH', 'XH', 'sXH', 'ZSH', 'XHSX', 'I', 'I', 'S', 'H', 'XsH', 'SH', 'SH', 'XSH', 'HY', 'HX', 'ZH', 'XSH', 'XHSX', 'SH', 'XHSX', 's', 'ZSH', 'S', 'ZH', 'sH', 'XHSX', 'ZSH', 'Hs', 'X', 'Hs', 'XHSX', 'XH', 'HS', 'ZSH', 'S', 'YS', 'Y', 'Hs', 'YH', 'sXH', 'YH', 'XHSX', 'Y', 'XsH', 'Z', 'Z', 'SH', 'XHSX', 'HX', 'HX', 'ZSH', 'XS', 'Z', 'X', 'XH', 'ZSH', 'YS', 'YH', 'ZSH', 'XsH', 's', 'sXH', 'XH', 'HY', 'SH', 'S', 'sH', 's', 'YS', 's', 'X', 's', 'XHSX', 'SH', 'XS', 'HX', 'YH', 'ZSH', 'ZH', 'sH', 'Y', 'YS', 'YS', 'X', 'Hs', 'H', 'XsH', 'XHSX', 'YS', 'XSH', 'XHSX', 'YSH', 'ZH', 'Hs', 'Z', 'HY', 's', 'sXH', 's', 'HX', 'HY', 'Y', 'S', 'HX', 'YH', 'Hs', 'ZSH', 'XSH', 'XS', 'HX', 'ZSH', 'HX', 'I', 'YSH', 'H', 'Hs', 'sXH', 'ZH', 'YS', 'XS', 'HS', 'H', 'XHSX', 'YSH', 'XsH', 'HX', 'HY', 's', 'ZSH', 'sH', 'HY', 'HS', 'ZSH', 'SH', 's', 'ZSH', 'XH', 's', 'YSH', 'XH', 'XsH']"
200,199,"{'0': 95, '1': 5}","['YSH', 'sXH', 'sXH', 'XsH', 'H', 'H', 's', 'sH', 'XHSX', 'S', 'SH', 'ZH', 'YSH', 'ZSH', 'XSH', 'sXH', 'SH', 'HS', 'YH', 'ZSH', 'sXH', 'Y', 'Z', 'HY', 'YH', 'Y', 'YS', 'H', 'YH', 'S', 'sH', 'ZH', 'Hs', 'sH', 'SH', 'ZH', 'X', 'Hs', 'Y', 'H', 'XSH', 'HX', 'X', 'SH', 'XsH', 'sH', 'HY', 'Hs', 'YS', 'I', 'H', 'XS', 'HS', 'YS', 'S', 'ZSH', 'ZSH', 'Hs', 'H', 'Y', 'HX', 'Z', 'YH', 'I', 's', 'S', 'HY', 'Z', 'XH', 'Z', 'YSH', 'sXH', 'ZSH', 'sH', 'sXH', 'HX', 'YH', 'Y', 'HS', 'XSH', 'I', 'SH', 'ZH', 'XHSX', 'Y', 'YSH', 'XsH', 'ZH', 'YSH', 'SH', 'XHSX', 'X', 'HS', 'Y', 'S', 'Y', 'Hs', 'XHSX', 'ZSH', 'Z', 'HS', 'XSH', 'ZH', 'XsH', 'XsH', 'HY', 'XH', 'YS', 'I', 's', 'HY', 'Z', 'XS', 'XSH', 'XSH', 'sH', 'YSH', 'XS', 'Hs', 'HX', 'XHSX', 'HS', 'YS', 'SH', 'X', 'XSH', 'XS', 'S', 'sH', 'Y', 'YSH', 'ZH', 'XH', 'S', 'XHSX', 'ZH', 'XSH', 'ZSH', 'HX', 'XHSX', 'XHSX', 'HY', 'SH', 'HS', 'X', 'sH', 'ZSH', 'SH', 'sXH', 'Y', 'Z', 'XH', 'XHSX', 'SH', 'HX', 'I', 'Y', 'X', 'HY', 'Y', 'ZH', 'XSH', 'HY', 'SH', 'YS', 'H', 'YS', 'H', 'XS', 'XSH', 'ZH', 'YSH', 'ZH', 'X', 'SH', 'S', 'sH', 'SH', 'X', 'Z', 's', 'Z', 'SH', 'Y', 'XSH', 'I', 'YSH', 'Hs', 'XSH', 'XH', 'XSH', 's', 'H', 'SH', 'YS', 'X', 'YH', 'I', 'sH', 's']"
200,199,"{'0': 93, '1': 7}","['SH', 'sH', 'S', 'XHSX', 's', 'XHSX', 'XS', 'YH', 'YS', 'XHSX', 'XH', 'XH', 'H', 'S', 's', 'I', 'sXH', 'XsH', 'YS', 'XsH', 'ZH', 'sXH', 'ZH', 'XsH', 'YH', 'YSH', 'YH', 'ZH', 'HS', 'I', 'ZSH', 'HS', 's', 'XsH', 'HX', 'sXH', 'Y', 'YH', 'XsH', 'H', 'YS', 'S', 'XS', 'Hs', 'YSH', 'HX', 'ZH', 'HS', 'SH', 'ZSH', 'H', 'HX', 'YSH', 'YH', 'XSH', 'XHSX', 'SH', 'SH', 'XS', 'YSH', 'S', 'XH', 'sXH', 'sH', 'H', 'I', 'S', 'sH', 'ZSH', 's', 'sH', 'S', 'Z', 'sXH', 'X', 'Z', 'HX', 'XSH', 'Hs', 'ZSH', 'SH', 'I', 'YS', 'YS', 'I', 'XH', 'I', 'YH', 'H', 'H', 'sH', 'XH', 'X', 'YH', 'SH', 'HX', 'HS', 's', 'SH', 'HS', 'Z', 'S', 'X', 'Hs', 'XS', 'sH', 'H', 'XS', 'HS', 's', 'Hs', 'XS', 'XSH', 'XH', 'HS', 'H', 'YH', 'HS', 'Z', 'HS', 'XsH', 'ZSH', 'XS', 'I', 'XsH', 'HX', 'YS', 'YH', 'YH', 'ZSH', 'S', 'HY', 'Y', 'HS', 'Y', 'XHSX', 'X', 'HX', 'ZSH', 'X', 'ZSH', 's', 'Y', 'SH', 'I', 'XHSX', 'HS', 'XH', 'X', 'Z', 's', 'I', 'sXH', 'ZSH', 'YH', 'HX', 'XsH', 'XSH', 'XHSX', 'ZH', 'XS', 'ZSH', 'XH', 'XsH', 'X', 'sXH', 'HY', 'S', 'sH', 'S', 'H', 'YH', 'XSH', 'S', 'Y', 'YH', 'YS', 'Z', 'HY', 'H', 'ZH', 'XS', 'XsH', 'I', 'sXH', 'HX', 'ZSH', 'Hs', 'XH', 'XS', 'S', 'HY', 'YSH', 'HS', 'HY', 'XS', 's', 'XSH', 'YS', 'YSH']"
200,199,"{'0': 96, '1': 4}","['Hs', 'HS', 'S', 'XSH', 'HS', 'H', 'XsH', 'Z', 'X', 'HX', 'sH', 'Hs', 'sXH', 'Z', 'XS', 'ZSH', 'XsH', 'HS', 'YH', 'X', 'XH', 'HX', 'XHSX', 'X', 'HS', 'SH', 'XHSX', 'H', 's', 'Z', 'XS', 'I', 'X', 'XHSX', 'Z', 's', 'Y', 'HX', 'I', 'sH', 'XsH', 'YSH', 'ZSH', 'sH', 'XsH', 'SH', 'Hs', 'ZSH', 'HS', 'I', 'I', 'XsH', 'XH', 'YH', 'I', 'X', 'Hs', 'sH', 'YH', 'XsH', 'XHSX', 'ZH', 'XS', 'Hs', 'YSH', 'Hs', 'I', 'XHSX', 'XSH', 'S', 's', 'YSH', 's', 'XsH', 'XSH', 'YSH', 'YS', 'ZSH', 'XSH', 'Hs', 'X', 'HY', 'YSH', 'HX', 'sXH', 'XsH', 'XSH', 'SH', 'HX', 'Hs', 'Y', 'YH', 'sH', 'H', 'XS', 'ZSH', 'HY', 'S', 'sXH', 'XHSX', 'XsH', 'Y', 'ZSH', 'Y', 'sH', 'XS', 'XH', 'HX', 'H', 'XsH', 's', 'X', 'YH', 'sXH', 'XS', 'Hs', 'XsH', 'H', 'sXH', 'XSH', 'Hs', 'XH', 'XSH', 'sXH', 'sH', 'YS', 'S', 'XS', 'Hs', 'ZH', 'I', 'sXH', 'X', 'sH', 'X', 'XsH', 's', 'YS', 'Z', 'SH', 'Z', 'Z', 'YSH', 'Y', 'ZH', 'Y', 'XHSX', 'HY', 'YSH', 'YH', 'sXH', 'HY', 'YH', 'ZH', 'HX', 's', 'YS', 'XSH', 'sXH', 'XH', 'H', 'XH', 'H', 'HX', 'SH', 'sH', 'XSH', 'YS', 'XHSX', 'HX', 'YS', 'HS', 'HS', 's', 'ZH', 'XHSX', 's', 'XS', 'I', 'XHSX', 'XHSX', 'Y', 'XH', 'XHSX', 'XsH', 'sXH', 'Z', 'sXH', 'sXH', 'XHSX', 'X', 'YS', 'sH', 'ZSH', 'YS', 'Y', 'HS', 'S', 'YSH', 'I']"
200,199,"{'0': 89, '1': 11}","['Hs', 'YSH', 'XSH', 'Z', 'sXH', 'XHSX', 'sXH', 'HX', 'H', 'XSH', 'SH', 'HS', 'HS', 'S', 'XSH', 'HY', 'Z', 'XHSX', 'YH', 'ZH', 'sH', 'S', 'YH', 'XS', 'XSH', 'ZSH', 'Hs', 'X', 'I', 'XH', 'H', 'XS', 'YSH', 's', 'HS', 'S', 'Z', 'I', 'XsH', 'HS', 'YS', 'SH', 'X', 'X', 'YSH', 'XS', 'XHSX', 'XHSX', 'S', 'XH', 'XSH', 'ZSH', 'I', 'XHSX', 'Y', 'ZSH', 'XHSX', 'sXH', 'sXH', 'SH', 'ZH', 'XsH', 'YSH', 'HS', 'YH', 'Z', 'ZSH', 'S', 'X', 'XH', 'YSH', 'HS', 'Z', 'I', 'sXH', 'Hs', 'sH', 'XH', 'YS', 'XH', 'YSH', 's', 'YSH', 'ZH', 'X', 'sXH', 'HS', 'sXH', 'Hs', 'S', 'Y', 'I', 'HS', 'H', 'Y', 'YH', 'Hs', 'HY', 'YS', 'YH', 'ZSH', 's', 'XS', 'Hs', 'H', 'YS', 'I', 'XsH', 'XH', 'I', 'Hs', 'XsH', 'YH', 'sXH', 'XSH', 'Z', 'sXH', 'H', 'YS', 'XS', 'sH', 'Z', 'Z', 'HY', 'S', 'H', 'HS', 'XS', 'sH', 'YS', 'SH', 'YSH', 'XS', 'XsH', 'YH', 'YH', 'S', 'XHSX', 'sXH', 'I', 'SH', 'HX', 'HS', 'sXH', 'Hs', 'Hs', 'Hs', 'XHSX', 'ZH', 'X', 'XHSX', 'YS', 'SH', 'X', 'sH', 'Y', 'Hs', 'HY', 'HY', 'Hs', 'XSH', 'S', 'XH', 's', 'X', 'XHSX', 'S', 'XSH', 'Hs', 'I', 'Hs', 'HS', 'ZSH', 'ZSH', 'X', 'XSH', 'XSH', 'HY', 'XH', 'sXH', 'YS', 'YSH', 'ZSH', 'XS', 'XsH', 's', 'I', 'sXH', 'XHSX', 'XSH', 'X', 'HY', 'XS', 'Hs', 'YS', 'HX', 'I', 'Hs', 'XH', 'HS']"
200,199,"{'0': 90, '1': 10}","['YS', 'HS', 's', 's', 'sH', 'Z', 'I', 'sH', 'I', 'XHSX', 'YSH', 'sH', 'HY', 'ZH', 'S', 'XS', 'S', 'XS', 'X', 'H', 'HS', 'ZSH', 'H', 'XSH', 'ZSH', 'YH', 'HY', 'YH', 's', 'sXH', 'Z', 'HY', 'sH', 'HS', 'HS', 'XS', 'SH', 'HY', 'XS', 's', 'S', 'I', 'HY', 'YSH', 's', 'XsH', 'SH', 'YSH', 'X', 'YS', 'SH', 'YSH', 'YH', 'HS', 'XSH', 's', 'H', 'S', 'XS', 'H', 'YS', 's', 'XHSX', 'S', 'XHSX', 'Hs', 'sXH', 'XH', 'HS', 'ZH', 'sH', 'ZH', 'XH', 'XS', 'XHSX', 'X', 'YH', 'XS', 'X', 'sXH', 'S', 'H', 'XS', 'H', 'ZH', 'Hs', 'ZH', 's', 's', 'YSH', 'sXH', 'sH', 'YH', 'SH', 'YS', 'SH', 'YSH', 'sXH', 'S', 'YSH', 'Hs', 's', 'sH', 'YS', 'XS', 'S', 'sH', 'YH', 'YS', 'XS', 'YSH', 'YSH', 'XHSX', 'HY', 'Hs', 's', 'X', 's', 'XH', 's', 'SH', 'sH', 'YH', 'ZSH', 'SH', 'XH', 'YSH', 'YS', 'SH', 'HY', 'YH', 'ZSH', 'H', 'YS', 's', 'I', 'H', 'X', 'YS', 'HX', 'HS', 'sH', 'XS', 'XS', 'XS', 'XH', 'X', 'Hs', 'S', 'HX', 'I', 'HY', 'ZH', 'XHSX', 'XsH', 'H', 'ZSH', 'S', 'XHSX', 'HY', 'ZH', 'SH', 'Z', 'H', 'H', 'S', 'XH', 'X', 'Y', 'S', 'Hs', 'HY', 'XS', 'XS', 'YSH', 'Y', 'ZSH', 'X', 'XsH', 'YSH', 'YS', 'sXH', 'XH', 'XHSX', 'YS', 'Y', 'sH', 'Z', 'XSH', 'HX', 'sXH', 'I', 'YH', 'sXH', 'sXH', 'SH', 's', 'H', 'ZSH', 'YH']"
200,199,"{'0': 94, '1': 6}","['YH', 'Y', 'Y', 'HY', 'XsH', 'Z', 'HY', 'H', 'SH', 'S', 'ZSH', 'XsH', 'YH', 'Hs', 'YSH', 'HX', 'I', 'HY', 'S', 'sH', 'I', 's', 'ZSH', 'SH', 'Y', 'SH', 'YH', 'Hs', 'XSH', 's', 'I', 'XH', 'Z', 'Z', 'sH', 'ZSH', 'sH', 'YS', 'ZH', 'XHSX', 'YS', 'XH', 'Hs', 'S', 'Hs', 'S', 'HY', 'Z', 'YSH', 'SH', 'Hs', 'X', 'SH', 'Y', 'HX', 'HS', 'XsH', 'YH', 'YH', 'ZH', 'YH', 'ZH', 'S', 'HS', 'HY', 'Hs', 'HY', 'SH', 'sH', 'ZSH', 'XS', 'Hs', 'HS', 'S', 'YSH', 'I', 'YSH', 'YH', 'HY', 'XsH', 'YSH', 'I', 'YSH', 'YH', 'ZH', 'YSH', 'sH', 'ZSH', 'sH', 's', 'S', 'XS', 'HY', 'HY', 'HS', 'YS', 'ZSH', 'ZH', 'sXH', 'XH', 'YS', 'Hs', 'sH', 'X', 'SH', 'XsH', 'HY', 'S', 'YH', 'XSH', 'ZSH', 'HX', 'HY', 'XHSX', 'HS', 'Y', 'X', 'YS', 'ZSH', 'SH', 'HS', 'S', 'I', 'Z', 'X', 'Hs', 'YS', 'I', 'XH', 'ZSH', 'sXH', 'XS', 'sXH', 'YSH', 'sXH', 'HY', 'HX', 'ZSH', 'ZH', 'Hs', 'I', 'HS', 'H', 'YSH', 'XHSX', 'sH', 'Hs', 'HX', 'HX', 'HS', 'X', 'X', 'XsH', 'Hs', 'Hs', 'YH', 'Z', 'S', 'XH', 'YH', 'ZSH', 'YS', 'HY', 'YS', 'XHSX', 'ZH', 'sXH', 'HS', 'XHSX', 'I', 'HX', 'XH', 'X', 'ZSH', 'XH', 'YH', 'HS', 'ZH', 'XSH', 'Z', 'sXH', 'HS', 'ZH', 'sXH', 'YH', 'Y', 'XH', 'HS', 'H', 'HS', 'XsH', 'X', 'YSH', 'YS', 'HY', 'X', 'Hs', 'XS', 'XHSX', 'sXH']"
200,199,"{'0': 93, '1': 7}","['YH', 'YH', 'HS', 'HX', 's', 'HX', 's', 'sXH', 'ZH', 'XS', 'SH', 'YS', 'XHSX', 'sH', 'ZH', 'ZSH', 'XsH', 'XS', 'XH', 'YS', 'I', 'sXH', 'X', 'YS', 'S', 'sXH', 'Hs', 'H', 'HX', 'H', 'XHSX', 'XS', 'SH', 'sXH', 'SH', 'XSH', 'I', 'ZH', 'HY', 'XHSX', 'XsH', 'YS', 'XSH', 'XHSX', 's', 'sH', 'YH', 's', 'X', 'SH', 'ZH', 'XSH', 'XHSX', 'S', 'H', 'XsH', 'sXH', 'XHSX', 'X', 'sXH', 'I', 'XS', 'I', 'XH', 'Y', 'HX', 'XH', 'Z', 'Z', 'XsH', 'YS', 'YS', 'Hs', 'Hs', 'Y', 'I', 'YS', 'SH', 's', 'Hs', 'Z', 'HX', 'XS', 'sXH', 'Y', 'Y', 'sH', 'XH', 'Y', 'SH', 'XH', 'I', 'YS', 'ZH', 's', 'YH', 'ZH', 'X', 'X', 'X', 'XHSX', 'Z', 'HS', 'XHSX', 'XH', 'XsH', 'XHSX', 'XHSX', 'HX', 'HY', 'SH', 'HY', 'XS', 'YS', 'YSH', 'YH', 's', 'ZH', 'H', 's', 'X', 'H', 's', 'YH', 'YS', 'X', 'I', 'YH', 'SH', 'Z', 'XsH', 'Hs', 'HX', 'ZSH', 'YS', 'HS', 'Z', 'HS', 'YSH', 'XHSX', 'ZH', 'YSH', 'Y', 'XHSX', 'XH', 'sXH', 'YSH', 'X', 'Y', 'HX', 'Y', 'HS', 'HS', 'Hs', 'XH', 'HX', 'Y', 'SH', 'XH', 'sH', 'XS', 'XSH', 'Z', 'SH', 'XsH', 'HX', 'sXH', 'XS', 'sH', 'XSH', 'XH', 'sH', 'YSH', 'H', 'I', 'Hs', 's', 'XHSX', 'YH', 'I', 'ZH', 'XS', 'sH', 'YSH', 'Y', 'HY', 'sXH', 'X', 'sH', 'Hs', 'XSH', 'YSH', 'XsH', 'sXH', 'I', 'sH', 'XSH', 'HX', 'ZH', 'YSH']"
200,199,"{'0': 95, '1': 5}","['ZH', 'SH', 's', 'sXH', 'sH', 'Y', 'XsH', 'SH', 'H', 'ZSH', 'Y', 'XsH', 'ZSH', 'H', 'S', 'HS', 'HX', 'Y', 'H', 'YH', 'HS', 'Hs', 'HS', 'XsH', 'ZSH', 'HS', 'ZSH', 'HY', 'ZSH', 'H', 'YS', 'S', 'I', 'Y', 'sH', 'Y', 'Z', 'S', 'XHSX', 'S', 'HX', 'YSH', 'Z', 'H', 'X', 'YS', 'S', 'XS', 's', 'ZSH', 'XHSX', 'sXH', 'H', 'HY', 'sH', 'sH', 'HX', 'sXH', 'YH', 'XS', 'X', 'YS', 'H', 'I', 'H', 'HX', 'Y', 'XsH', 'YH', 'SH', 'sH', 'HX', 'XsH', 'XS', 'HX', 'YSH', 'XsH', 'HS', 'YSH', 'I', 'HS', 'SH', 'Hs', 'YH', 'Y', 's', 'ZSH', 's', 'YSH', 'XHSX', 'sH', 'Z', 'Y', 'YSH', 'H', 'Z', 'SH', 'HY', 's', 'XH', 'HS', 'ZSH', 'H', 'H', 'YH', 'H', 'Y', 'XSH', 'Z', 'sXH', 'I', 'XsH', 'H', 'ZH', 's', 'XsH', 'YS', 'XHSX', 'XsH', 'H', 'XsH', 'sXH', 'XSH', 'HS', 'YSH', 'YSH', 'X', 'XH', 'sXH', 'X', 'YS', 'sH', 'XSH', 'sH', 'XH', 'X', 'S', 'ZH', 'Y', 'HX', 'HY', 'S', 'H', 'ZSH', 'sH', 'XSH', 'I', 'S', 'XsH', 'XS', 'XSH', 'H', 'ZH', 's', 'S', 'Z', 'HS', 'sXH', 'I', 'X', 'YSH', 'X', 'Z', 'XHSX', 'SH', 'sXH', 'Z', 's', 'sH', 'HS', 'HX', 'YS', 'H', 'YS', 'H', 'ZSH', 'Z', 'sXH', 'SH', 'SH', 'HS', 'Hs', 'H', 'X', 'XsH', 'XS', 'Hs', 'H', 'I', 'sXH', 'HX', 'Y', 'SH', 'sH', 'Y', 's', 'ZSH', 'XHSX', 'H', 'HX']"
200,199,"{'0': 88, '1': 12}","['s', 'Y', 's', 'X', 'sXH', 'Hs', 'HS', 'sH', 'Y', 'S', 'Y', 'YSH', 'sXH', 'SH', 'sH', 'sH', 'YS', 'XHSX', 'YSH', 'XH', 'HX', 'H', 'XH', 'sH', 'XHSX', 'ZSH', 'XH', 'sXH', 'YH', 'ZSH', 'sH', 'ZH', 'ZSH', 'YH', 's', 'sXH', 'sXH', 'X', 'XH', 'ZSH', 'XHSX', 'Z', 'Y', 'Z', 'YSH', 'XS', 'sXH', 'XH', 'SH', 'HX', 'Hs', 'XS', 'XSH', 'Hs', 'ZH', 'XH', 'Y', 'XH', 'ZSH', 'XH', 'X', 'XS', 'XsH', 'ZH', 'ZH', 'Z', 'XH', 'XSH', 'SH', 'SH', 'XHSX', 'HS', 'Z', 'I', 'YH', 'HS', 'XSH', 'SH', 'SH', 'YH', 'ZH', 'ZH', 'XHSX', 'H', 'Y', 'Z', 'ZH', 'S', 'XH', 'H', 'YH', 'HS', 'S', 'Hs', 'XHSX', 'sH', 'sH', 'ZH', 'sH', 'HY', 'YH', 'S', 'XH', 'HS', 'H', 'I', 'I', 'ZH', 'XH', 's', 'sXH', 'XHSX', 'YS', 'YSH', 'sXH', 'XS', 'YSH', 'Hs', 'HX', 'Y', 'SH', 'HS', 'YSH', 'ZSH', 'ZSH', 'Z', 'X', 'HS', 's', 'ZH', 'ZH', 'I', 'sH', 'YH', 's', 'YH', 'XHSX', 'ZSH', 'sXH', 'XH', 'Z', 'XHSX', 'XH', 'I', 'XSH', 'XSH', 'XsH', 'ZH', 'I', 'XsH', 'Y', 'H', 'HS', 'S', 'sH', 'YS', 'I', 'XHSX', 'SH', 'HS', 'XH', 'XH', 'HX', 'sXH', 'sH', 'HY', 'X', 'SH', 'XsH', 'I', 'I', 'XSH', 'Z', 'XsH', 'S', 'S', 'Hs', 'sXH', 'HS', 'sH', 'YSH', 'H', 'sXH', 'YSH', 'XH', 'YSH', 'I', 'SH', 'XsH', 'Hs', 'sXH', 'YS', 'XsH', 'XSH', 'X', 's', 'YS', 'YSH', 'HY', 'HX']"
200,199,"{'0': 94, '1': 6}","['YH', 'HY', 'Hs', 'H', 'S', 'I', 'YSH', 's', 'ZSH', 'X', 'ZH', 'YS', 'XS', 'Y', 'I', 'I', 'sH', 'Hs', 'sXH', 'HY', 'SH', 'I', 'HS', 'XHSX', 'SH', 'X', 'YSH', 'HY', 'ZH', 'H', 'ZH', 'XsH', 'S', 'XsH', 'Z', 'XsH', 'YS', 'Hs', 'Hs', 'S', 'YS', 'I', 'XSH', 'XS', 'sH', 'XH', 's', 'Y', 'Hs', 'Y', 'S', 'sH', 'YH', 'ZH', 'sXH', 'HX', 'HS', 'H', 'Y', 'Hs', 'Y', 'YH', 'Y', 'XH', 'YH', 'S', 'HX', 'Z', 'H', 'X', 'I', 'XsH', 'H', 'sXH', 'XH', 'sH', 's', 'HX', 'sXH', 'YSH', 'HY', 'I', 'S', 'I', 'Z', 'XsH', 'YS', 'YS', 'sH', 'HS', 'sH', 'H', 'I', 'HX', 'HY', 'XS', 'YS', 'sH', 'YH', 'ZH', 's', 'XSH', 'S', 'YH', 'YH', 'H', 'Hs', 'YH', 'Y', 'YS', 'HS', 'HY', 'YSH', 's', 'HX', 'XS', 'XSH', 'HY', 'S', 'H', 'sXH', 's', 'XSH', 'sXH', 'YSH', 'Z', 'YH', 'ZH', 'XH', 'H', 'XS', 'XsH', 'YH', 'XH', 'X', 'sH', 's', 'sXH', 'sH', 'sH', 'SH', 'I', 'XSH', 'YSH', 'XSH', 'H', 'I', 'I', 'Z', 'ZSH', 'sXH', 'HS', 'YH', 'XH', 'XSH', 'SH', 'XH', 'Hs', 'Z', 'YH', 'sH', 'XsH', 'ZH', 'ZSH', 'XsH', 'XH', 'sH', 'SH', 's', 'SH', 'SH', 'sXH', 'S', 'XS', 'SH', 'ZSH', 'sH', 'ZH', 'X', 'HX', 'Y', 'I', 'ZSH', 'sXH', 'Hs', 'SH', 'HX', 'HX', 'HX', 'ZH', 'sXH', 'YH', 'HX', 'YH', 's', 'X', 'I', 'sXH', 'X', 'HY']"
200,199,"{'0': 88, '1': 12}","['YH', 'HS', 'XSH', 'Hs', 'YS', 'YH', 'HX', 'XS', 'XsH', 'YSH', 'Z', 'YS', 'SH', 'S', 's', 'HY', 'Hs', 'XSH', 'X', 'SH', 'S', 'sXH', 'H', 'I', 'XS', 'H', 'XsH', 'SH', 'XsH', 'ZH', 'XsH', 'XSH', 'YSH', 'YSH', 'YH', 'SH', 'I', 'SH', 'X', 'XSH', 'ZH', 'XsH', 'sXH', 'I', 'I', 'YH', 'S', 's', 'H', 'ZH', 'X', 's', 'HX', 'YH', 'X', 'sH', 'sH', 'XHSX', 'XHSX', 'S', 'Z', 'XH', 'XsH', 'sH', 'XS', 'X', 'SH', 'S', 'YSH', 'YSH', 'Hs', 'YS', 'S', 'sH', 'XHSX', 'HX', 'Z', 'XSH', 'XH', 'Y', 'XsH', 'ZSH', 'X', 'S', 'XsH', 'sH', 'XS', 'Z', 'Hs', 'ZSH', 'YSH', 'ZSH', 's', 'ZH', 'ZH', 'sXH', 'SH', 'YH', 'XHSX', 'Y', 'Y', 'SH', 'sH', 'YSH', 'H', 'Z', 'XHSX', 'Hs', 'HY', 'Hs', 'X', 'sXH', 'ZH', 'XsH', 'I', 'ZSH', 's', 'HS', 'HX', 'I', 'Z', 'XsH', 'XHSX', 'sH', 'YS', 'HY', 'ZH', 'X', 'XS', 'X', 'XSH', 'X', 'sH', 'XS', 'XS', 'HY', 'Y', 'HS', 'XHSX', 'HX', 'HX', 'ZH', 'H', 'XHSX', 'H', 'XsH', 'ZSH', 'HX', 'Hs', 'XSH', 'Z', 'X', 'H', 'XH', 'ZH', 'SH', 'SH', 'XsH', 'XH', 'HY', 'YH', 'SH', 'XH', 'YS', 'XHSX', 'XHSX', 'X', 'XsH', 'XHSX', 's', 'YS', 'YH', 'I', 'Y', 'HS', 'SH', 'XHSX', 'H', 'sH', 'SH', 'Hs', 'sH', 'YH', 'Z', 'sH', 'Y', 'Hs', 'X', 'Y', 'Z', 'XS', 'HS', 'I', 'XsH', 'ZSH', 'XSH', 'XSH', 'Hs', 'XH', 'SH']"
500,499,"{'0': 87, '1': 13}","['XHSX', 'XSH', 'H', 'Y', 'H', 'YH', 'YH', 'S', 'I', 'H', 'I', 'Z', 'XH', 's', 'HS', 'YH', 'HX', 'YH', 'HY', 'XS', 'ZH', 'X', 'YH', 'XsH', 'YH', 'sXH', 'X', 'XS', 'Z', 'YH', 'HX', 'sXH', 'HS', 'XS', 'sH', 'sXH', 'XS', 'ZH', 'YSH', 'HY', 'YS', 'HX', 'XSH', 'Z', 'X', 'YS', 'XsH', 'sH', 'H', 'YSH', 'XsH', 'XH', 'SH', 'H', 'Y', 'Z', 'HS', 'XH', 'Y', 'XS', 'ZH', 'HY', 'YS', 'YS', 'XsH', 'XsH', 'XsH', 'Z', 'Y', 'XH', 'ZH', 'Y', 'X', 'Hs', 'HS', 'XS', 'X', 'ZH', 'HY', 'XHSX', 'I', 'ZSH', 'YH', 'XHSX', 'ZH', 's', 'XHSX', 'H', 'S', 'ZH', 'I', 'HY', 'HS', 'sXH', 'XHSX', 'I', 'XHSX', 'YSH', 'S', 'HS', 'S', 'ZSH', 'XHSX', 'ZSH', 'H', 'X', 'SH', 's', 'sXH', 's', 'Z', 'Hs', 'HY', 'XSH', 'YS', 's', 'X', 'ZH', 'SH', 'Y', 'XH', 'ZH', 'HS', 'XS', 'X', 'I', 'sXH', 'Hs', 'YH', 'HS', 'XSH', 'YSH', 'sH', 'ZH', 'X', 'H', 'XS', 'XH', 'HS', 'ZSH', 'I', 'YSH', 'SH', 'sXH', 'XS', 'I', 'sH', 'sH', 'X', 'XH', 'ZSH', 'Hs', 'XH', 'Y', 'HS', 'XS', 'HX', 'XH', 'Z', 'YH', 'HY', 'ZSH', 's', 'YSH', 'XHSX', 'HS', 'HX', 'S', 'H', 'YS', 'XSH', 'sH', 'YS', 'Y', 'SH', 'ZSH', 'I', 'HS', 'H', 'YSH', 'XH', 'YH', 'HY', 'YSH', 'XS', 'HS', 'H', 'ZH', 'HX', 'Z', 'XsH', 'Hs', 's', 'ZSH', 'YS', 'ZSH', 'HX', 'sXH', 'S', 'H', 'YS', 'X', 'HY', 's', 'Z', 'YS', 'XsH', 'HX', 'YSH', 'HS', 'XSH', 'H', 'XHSX', 'YSH', 'HX', 'ZSH', 'sXH', 'HS', 'YH', 'S', 'Z', 'XSH', 'Y', 'XsH', 'HY', 'sH', 'YSH', 'HX', 'YS', 'XH', 'I', 'Z', 'XSH', 'sH', 's', 'SH', 'sH', 'ZSH', 'YH', 'XsH', 'HX', 'sXH', 'H', 's', 'I', 'Y', 'S', 'HS', 'I', 'XS', 'X', 'XsH', 'ZH', 'YH', 'sXH', 'YSH', 'S', 'XsH', 'YS', 'I', 'ZSH', 'Z', 'YS', 'XS', 'YSH', 's', 'Z', 'YSH', 'Y', 'ZSH', 's', 's', 'XH', 'XS', 'ZH', 'Z', 'ZH', 'HX', 'S', 'S', 'sH', 'sXH', 'H', 'ZH', 'YH', 'XHSX', 'I', 'YSH', 'H', 'XS', 'Z', 's', 'XS', 'YS', 'Y', 'HS', 'I', 'YH', 'S', 'XHSX', 'YH', 'XS', 'HS', 'Z', 'sH', 'Hs', 'H', 'XSH', 'ZH', 's', 'H', 'HS', 'HX', 'sXH', 'X', 'I', 'Z', 'X', 'S', 'I', 'H', 'Hs', 'sH', 'HS', 'sXH', 'XsH', 'sXH', 'XSH', 'ZSH', 'XHSX', 'YH', 'X', 'ZH', 'SH', 'H', 'XS', 'YH', 'sXH', 'SH', 'X', 'XS', 'XS', 'HY', 'HX', 'Z', 'XH', 'YH', 'S', 'YS', 'Z', 'SH', 'XSH', 'YS', 'YH', 'Y', 'YS', 'XHSX', 'HY', 'XSH', 'ZSH', 'ZH', 'YSH', 'Z', 'SH', 'sH', 'sXH', 'sXH', 'HY', 'XH', 'HY', 'XsH', 'XH', 'I', 'XH', 'ZSH', 'Hs', 'XH', 'HX', 'YH', 'XSH', 'HY', 'ZSH', 'XSH', 'HS', 'HS', 'XsH', 'YH', 'YS', 'ZSH', 'YH', 'Hs', 'XSH', 'XHSX', 's', 'XH', 'XHSX', 'H', 'HX', 'XS', 'S', 'XsH', 'ZH', 'S', 'S', 'Y', 'XHSX', 'YH', 's', 'H', 'ZH', 'I', 'I', 'SH', 'XSH', 'ZSH', 'Y', 'Z', 'Y', 'HY', 'YH', 'H', 'YSH', 'XSH', 'Y', 'XsH', 'Hs', 'Z', 'Y', 'XS', 'YH', 'I', 'XsH', 'XSH', 'HX', 'YH', 'YH', 'sH', 'Z', 'X', 'sH', 'Z', 'XHSX', 'I', 'XHSX', 'XSH', 'S', 'HS', 'HS', 'H', 'XsH', 'XS', 'I', 'XH', 'S', 'XS', 'sH', 'S', 'SH', 'Y', 'Z', 'ZH', 'XsH', 'XHSX', 'sH', 'YSH', 'XSH', 'XHSX', 'Y', 'Hs', 'HY', 'H', 'YS', 'YH', 'YH', 'Y', 'Y', 'XHSX', 'YS', 'XSH', 'X', 'XSH', 'Y', 'HY', 'XSH', 'Y', 'sH', 'XSH', 'ZSH', 'YS', 'I', 'YS', 'YH', 'HS', 'sH', 'HX', 'Hs', 'YH', 'XsH', 'YS', 'sH']"
500,499,"{'1': 19, '0': 81}","['S', 'S', 'HX', 'I', 'XS', 'YH', 'YS', 'I', 'XH', 'SH', 'Y', 'XH', 'XsH', 'sXH', 'sH', 'ZSH', 's', 'sH', 'Y', 'sXH', 'HS', 'HS', 'H', 'XSH', 'XSH', 'HY', 'Hs', 'XHSX', 'sXH', 'HS', 'sXH', 'XSH', 'Hs', 'sXH', 'Hs', 'XS', 'Z', 'XHSX', 'XH', 'sXH', 's', 'sH', 'HX', 'S', 'YH', 'ZSH', 's', 's', 'HY', 'YSH', 'sXH', 'Z', 'I', 'YSH', 'sXH', 'H', 'I', 'XsH', 'XHSX', 'S', 'S', 'Z', 'XsH', 'YSH', 'YH', 'XsH', 'X', 'XHSX', 'Hs', 'Hs', 'YH', 'XS', 'I', 'HX', 'sXH', 'ZH', 'sXH', 'HX', 'XS', 'XH', 'HY', 'ZH', 'XSH', 'Z', 'YH', 'Z', 'XH', 'YH', 'HS', 'ZH', 'HS', 'YH', 'ZH', 'sXH', 'sXH', 'HX', 'H', 'HX', 'HX', 'S', 'XHSX', 'ZH', 'HX', 'Hs', 'H', 'I', 'sH', 'HS', 'H', 'ZSH', 'YH', 'Hs', 'Hs', 'YH', 'YS', 'ZSH', 'sH', 's', 'XSH', 'XSH', 'X', 'YS', 'ZH', 'HS', 'sXH', 'X', 'Z', 'XS', 'SH', 'HX', 'YS', 'I', 'S', 'ZSH', 'ZSH', 'I', 'SH', 'SH', 'Z', 'SH', 'XSH', 'HX', 'ZH', 'HY', 'sXH', 'I', 'XsH', 'sXH', 'XHSX', 'XH', 'ZSH', 'I', 'YSH', 'HY', 'HX', 'Y', 'XH', 'ZSH', 'ZSH', 'HX', 'YS', 'H', 'SH', 'Z', 'I', 'XH', 'SH', 'XS', 'YS', 'sXH', 'XHSX', 'I', 'YS', 'ZH', 'SH', 'YS', 'sH', 'Y', 'sXH', 'YS', 'I', 'X', 'X', 'ZH', 'I', 'ZH', 'HY', 'HS', 'HX', 'YSH', 'HY', 'XS', 'H', 'Y', 'XHSX', 'ZSH', 'S', 'YSH', 'XH', 'HS', 'YH', 's', 'H', 'YH', 'sH', 'ZH', 'YSH', 'sH', 'HS', 'HS', 'Hs', 'YSH', 'ZH', 'S', 'X', 'XHSX', 'Hs', 'YS', 'Hs', 'X', 'YS', 'sH', 'HX', 'Z', 'Hs', 'Y', 'I', 'S', 'I', 'YSH', 'Z', 'H', 'HX', 'HX', 'XHSX', 'YSH', 'XH', 'Z', 'sXH', 'XsH', 'XS', 'sXH', 'H', 'XSH', 'XH', 'XSH', 'Y', 'XsH', 'XsH', 'H', 'X', 'XSH', 'XsH', 'XsH', 'SH', 'XsH', 'XsH', 'XH', 'XHSX', 'Y', 'XSH', 'Hs', 'H', 'ZH', 'HY', 'Z', 's', 'YH', 'XHSX', 'YS', 'H', 'X', 'HS', 'HY', 'XsH', 'XHSX', 'YS', 'S', 'HS', 'HX', 'SH', 'XSH', 'H', 'XS', 'Y', 'Z', 'S', 'HX', 'XS', 'XS', 'X', 'H', 'XHSX', 'YS', 'HS', 'S', 'XSH', 's', 'XHSX', 'Hs', 's', 'Z', 'Hs', 'HY', 'I', 'sH', 'XSH', 'YSH', 'H', 'SH', 'ZSH', 'I', 'I', 'I', 'XHSX', 'YH', 'Z', 'HX', 'HY', 'I', 'YS', 'XsH', 'YSH', 'XsH', 'Y', 'I', 'YS', 'X', 'sH', 'HS', 'Y', 'sH', 'YH', 'SH', 'Hs', 'ZSH', 'X', 'ZSH', 'XS', 'sXH', 'HS', 'H', 'XHSX', 'I', 'X', 'X', 'Y', 's', 'HY', 's', 'XH', 'YH', 'XS', 'XH', 'XS', 's', 'XSH', 'SH', 'XsH', 'S', 'XS', 'HX', 'I', 'HY', 'YH', 'XH', 'XH', 's', 'Y', 'HS', 'XHSX', 'HX', 'YH', 'YS', 'sH', 'XS', 'I', 'XHSX', 'XsH', 'ZSH', 'SH', 'ZSH', 'sH', 'HX', 'SH', 'SH', 'ZSH', 'Y', 'Z', 'ZH', 'Hs', 's', 'H', 'Hs', 'HS', 'S', 'YH', 'Z', 'YSH', 'XS', 'Hs', 's', 'XsH', 'sXH', 'I', 'XH', 'XSH', 's', 'YS', 'XHSX', 'ZH', 'XHSX', 'ZH', 'Hs', 'YS', 'H', 'ZSH', 'HY', 'sH', 'Hs', 'HS', 'XsH', 'XsH', 'XsH', 'XSH', 'H', 'YH', 'HX', 'sH', 'HY', 'HS', 'Z', 'SH', 'XHSX', 'YSH', 'Z', 'sH', 'XH', 'SH', 'SH', 'HS', 'YS', 'S', 'S', 'sH', 'XSH', 'sH', 'I', 'I', 's', 'Y', 'XH', 'XSH', 'Hs', 'HY', 'Y', 'sH', 'XsH', 'X', 'YH', 'XS', 'sH', 'Z', 'HX', 'YSH', 'HX', 'HS', 'ZH', 'H', 'H', 'S', 'ZH', 'XsH', 'H', 'I', 'ZSH', 'I', 'HY', 'X', 'S', 'YSH', 'HX', 'XsH', 'SH', 's', 'Hs', 'YS', 'Hs', 'YH', 'XHSX', 'sXH', 'SH', 'HS', 'HS', 'ZSH', 'XHSX', 'HY', 'I', 'SH', 'X']"
500,499,"{'0': 83, '1': 17}","['XH', 'Y', 'S', 'ZSH', 'YS', 'HY', 'Hs', 'HS', 'H', 'SH', 'YSH', 'XsH', 'Z', 'XH', 'SH', 'Y', 'I', 'I', 'X', 'I', 'Z', 'I', 'Y', 'HX', 'YS', 'YS', 'XH', 'YH', 'I', 'I', 'XHSX', 'sH', 'Y', 'I', 'XsH', 'sH', 'XHSX', 'XsH', 'ZSH', 'YSH', 'sXH', 'ZSH', 'H', 'HS', 's', 's', 'ZSH', 'sH', 'SH', 's', 'XS', 'HS', 'sH', 'YSH', 'SH', 'ZH', 'XS', 'H', 'HY', 'Y', 'Y', 'ZH', 'ZH', 'Hs', 'sXH', 'X', 'Hs', 'HY', 'Hs', 'HX', 'XHSX', 'HY', 'H', 'ZSH', 'Z', 'Z', 'ZSH', 'I', 'XH', 'ZSH', 'Z', 'XH', 'HY', 'XSH', 'YSH', 'sH', 'XS', 'Hs', 'Y', 'HS', 'YSH', 'ZSH', 'Z', 'XsH', 'XsH', 'HY', 'X', 'YS', 'HS', 'YS', 'S', 'SH', 'XS', 'S', 's', 'ZSH', 'XHSX', 'YH', 'HY', 'YS', 'X', 'XH', 'XSH', 'ZH', 'YS', 's', 'sH', 'HS', 'XSH', 'Hs', 'sH', 'S', 'YSH', 'XSH', 'YS', 'sXH', 'ZSH', 'XsH', 'ZSH', 'I', 'XH', 'HX', 'H', 'ZH', 'H', 'XH', 'YH', 'YS', 'Hs', 'ZH', 'X', 'YS', 'ZH', 'YSH', 'HY', 'H', 'YS', 'X', 'ZH', 'Hs', 'H', 'HY', 'XS', 'Z', 'S', 'S', 'XsH', 's', 'XS', 'Y', 'XHSX', 'ZH', 'ZSH', 'YSH', 'XsH', 'YH', 'sXH', 'HX', 'XSH', 'YSH', 'ZSH', 'XsH', 'Hs', 'XHSX', 'HX', 'sXH', 'YSH', 'sXH', 'sXH', 's', 'sXH', 'Y', 'H', 'Hs', 's', 'XsH', 'XSH', 'XsH', 'XHSX', 'Z', 'Y', 'HS', 'ZH', 'XSH', 'I', 'XsH', 'YH', 'HS', 'XH', 'X', 'sXH', 'XH', 'sXH', 'XSH', 'XS', 'YS', 'H', 'YS', 'Y', 'X', 'XS', 's', 'XHSX', 'sXH', 'YS', 'HX', 'SH', 'HX', 'YS', 'YS', 'I', 'XH', 'ZSH', 'YH', 'HS', 'XSH', 'I', 'ZH', 'sH', 'S', 'HY', 'XS', 'Y', 'I', 'I', 'H', 'YSH', 'YSH', 'XS', 'sH', 'XH', 'I', 'S', 'I', 'XHSX', 'XH', 'XS', 'HY', 'sH', 'Z', 'YSH', 'HS', 'ZH', 'S', 'XsH', 'YS', 'Hs', 'HS', 's', 'YS', 'YS', 'XsH', 'sXH', 'S', 'YH', 'YH', 'XH', 'HS', 'Hs', 'sH', 'HX', 'HY', 'sXH', 'I', 'XsH', 'H', 'X', 'HS', 'S', 'ZSH', 'ZH', 'Z', 'XsH', 'YSH', 'YSH', 'YH', 'sXH', 'HY', 'XSH', 'YSH', 'H', 's', 'Y', 'sXH', 'Y', 'XHSX', 'Hs', 'XHSX', 'ZH', 'YS', 'XHSX', 's', 'Hs', 'ZH', 'HY', 'XHSX', 'XHSX', 'ZSH', 'SH', 'YSH', 'XH', 'Z', 'Y', 's', 'Hs', 'Y', 'XSH', 'H', 'Hs', 'S', 'HS', 'YSH', 'XH', 'XS', 'ZH', 'YS', 'XHSX', 'HS', 'XSH', 'XSH', 'Hs', 'sH', 'ZSH', 'YS', 'YS', 'Z', 'XH', 'SH', 'XSH', 'HY', 'XsH', 'H', 'HS', 'Hs', 'YSH', 'ZSH', 'XSH', 'YH', 'XS', 'YH', 'Y', 'XHSX', 'ZSH', 'H', 'S', 'sH', 'I', 's', 'HY', 'XsH', 'HX', 'Hs', 'XH', 'sXH', 'Y', 'Z', 'YSH', 'sH', 'Z', 'Hs', 'X', 'XsH', 'HX', 's', 'I', 'sH', 'XsH', 'XH', 'Z', 'HS', 'SH', 'Hs', 'HX', 'HS', 'SH', 'I', 'I', 'H', 'X', 'S', 'X', 'H', 'SH', 'HS', 'ZH', 'XsH', 'ZH', 'Y', 'Z', 'S', 'HY', 'sXH', 'Hs', 'XHSX', 'HS', 'XS', 'YS', 'YH', 'sH', 's', 'XSH', 'XsH', 'HY', 'XHSX', 'Z', 'HY', 'HX', 'XHSX', 'HS', 'Y', 's', 'Y', 'HS', 'HS', 'HY', 'HX', 'sXH', 'sH', 'SH', 's', 'YH', 'ZSH', 'XSH', 'Hs', 'sXH', 'YSH', 'ZH', 's', 'YS', 'Hs', 'YH', 'H', 'ZSH', 'SH', 's', 'Z', 'HS', 'YS', 'SH', 'Hs', 'sXH', 'YH', 'YS', 'HS', 'sXH', 'XH', 'I', 'XsH', 'XsH', 'XSH', 'sH', 'YH', 'XS', 'XH', 'XS', 'YS', 'XSH', 'YS', 'YH', 'Hs', 'I', 'X', 'H', 'Z', 'YSH', 'XH', 'XSH', 'Z', 'SH', 'YSH', 'XHSX', 's', 'YS', 'XSH', 's', 's', 'SH', 'XH', 's', 'XSH', 'YH', 'S', 'XSH', 'XS', 'ZH', 'sH', 's', 'XSH', 'Z', 'SH']"
500,499,"{'0': 86, '1': 14}","['Hs', 'XH', 'S', 'SH', 'XH', 's', 'HX', 'HS', 'sH', 'S', 'HS', 'Z', 's', 's', 'YSH', 'I', 'YH', 'Z', 'XsH', 'HX', 'XsH', 'YH', 'Z', 'XS', 'YSH', 'SH', 'X', 'Y', 'XS', 'SH', 'YH', 'XS', 'sH', 'sXH', 'sXH', 'XSH', 'ZSH', 'YS', 'Z', 'I', 'XSH', 'YH', 'H', 'SH', 's', 'sXH', 'YSH', 's', 'ZH', 'sH', 'HX', 'Z', 'Z', 'sH', 'HY', 'HS', 'HY', 'H', 'I', 'I', 'SH', 'XH', 'XsH', 'YS', 'XSH', 'Hs', 'Y', 'HS', 'HY', 'XSH', 'Z', 'Hs', 'XSH', 'Y', 'YH', 'Y', 'HS', 'Y', 'XsH', 'H', 'H', 'sXH', 'YSH', 'sXH', 'YH', 'ZH', 'X', 'YSH', 'ZH', 'sH', 'XH', 'S', 'HX', 'I', 's', 'X', 'YH', 'XSH', 'Hs', 'XH', 'XS', 'XsH', 'X', 'ZSH', 'Y', 'X', 'SH', 'XH', 'HX', 'SH', 'Y', 'XsH', 'ZH', 'X', 'XSH', 'I', 'sXH', 'XS', 'Z', 'XHSX', 'I', 'YS', 'YS', 'YSH', 'XsH', 'H', 'I', 'ZH', 'sH', 'XsH', 'Hs', 'Y', 'ZSH', 'XH', 'I', 'XsH', 'HY', 'Y', 'XSH', 'HX', 'YS', 'XH', 'Hs', 'H', 'SH', 's', 'YSH', 'sH', 'Hs', 'YSH', 'HY', 'XSH', 'XSH', 'X', 'YS', 'sXH', 'Hs', 'Hs', 'YH', 'sH', 'YSH', 'Y', 'Hs', 'YH', 'XH', 'SH', 'X', 'I', 'Y', 'X', 'I', 'YH', 'YS', 'XH', 'Z', 'sXH', 'X', 'XS', 'XHSX', 'I', 's', 'S', 'I', 'Hs', 'XSH', 'X', 'HS', 'ZSH', 'S', 'Y', 'HX', 'sXH', 'I', 'H', 'Z', 'sXH', 'YS', 'ZSH', 'SH', 'HX', 'ZH', 'YH', 'XSH', 'XHSX', 'XH', 'HY', 'XS', 'XS', 'X', 'XsH', 'YS', 'Y', 'HS', 'sXH', 'sH', 'XHSX', 'SH', 'X', 'H', 'ZSH', 'HY', 'Hs', 'HS', 'YH', 'Hs', 'ZSH', 'YH', 'ZSH', 'HS', 'sH', 'XHSX', 'I', 'YS', 'H', 'I', 'I', 'Y', 'YSH', 'ZSH', 'X', 'I', 'H', 'S', 'SH', 'XSH', 'XsH', 'S', 'YSH', 'XS', 'X', 'XsH', 'Y', 'XHSX', 'HY', 'YH', 'HX', 'XHSX', 'SH', 'YS', 'Z', 'Z', 'SH', 'XS', 'SH', 'S', 'HS', 'XHSX', 'HY', 's', 's', 's', 'ZH', 'ZH', 'XHSX', 'ZSH', 'SH', 'HS', 'ZSH', 's', 'XsH', 'YS', 'X', 'Hs', 'XSH', 'HX', 'Y', 'HX', 'ZH', 'sH', 'HX', 'I', 'SH', 'HX', 'YS', 'ZSH', 'XH', 'X', 'XS', 's', 'YS', 'sH', 'sXH', 'ZSH', 'XsH', 'sH', 'I', 'HS', 'SH', 'H', 'XsH', 'YS', 'Z', 'HX', 'YS', 'Z', 'XS', 'YH', 'HX', 'X', 'ZH', 'YS', 'X', 'XsH', 'HY', 'HS', 'X', 's', 'HY', 'ZSH', 'YSH', 'XSH', 'XSH', 'X', 'YSH', 'XH', 'XHSX', 'X', 'Z', 'XsH', 'XsH', 'XHSX', 'HX', 'XsH', 'SH', 'X', 'HX', 'HX', 'XHSX', 'sH', 'XSH', 'S', 'XHSX', 'SH', 'Y', 'sXH', 'ZH', 'Y', 'ZSH', 's', 'YSH', 'HY', 'Y', 'S', 'YS', 'YSH', 'sH', 'I', 'Hs', 'SH', 'sH', 'I', 'sH', 'XSH', 'XS', 'H', 'XHSX', 'X', 'ZH', 'S', 'ZSH', 'YSH', 'Z', 'XS', 'XH', 'XH', 'HX', 'HX', 'XsH', 'HS', 'X', 'sH', 'ZH', 's', 'XHSX', 'S', 'sXH', 'Hs', 'SH', 'YS', 'HX', 'XsH', 'sH', 'HS', 'XS', 'sXH', 'I', 'sXH', 'sH', 'I', 'YH', 'XSH', 'YS', 'YS', 'sXH', 's', 'Z', 'X', 'HY', 'X', 'ZH', 'YS', 'Hs', 'Z', 'ZH', 'I', 'XS', 'XsH', 'ZSH', 'H', 'SH', 'ZH', 'I', 'XS', 'S', 'XS', 'HY', 'ZSH', 'XH', 'XsH', 'ZH', 'I', 'Z', 'ZSH', 'sXH', 'sXH', 'XSH', 'XSH', 'SH', 'XS', 'XHSX', 'sXH', 'HS', 'X', 'ZH', 'HY', 'YS', 'sXH', 'HS', 'sXH', 'XsH', 'sH', 'S', 'Hs', 'YSH', 'H', 'XHSX', 'H', 'YSH', 'Y', 'Hs', 'HY', 'ZH', 'X', 'sH', 'SH', 'ZSH', 'YSH', 'YSH', 'Hs', 'XHSX', 'sXH', 'XHSX', 'YH', 'XS', 'sXH', 'XSH', 'ZSH', 'ZSH', 'SH', 'X', 'X', 'XSH', 'YH', 'SH', 'HX', 'I', 'YH', 'XSH', 's', 'Z']"
500,499,"{'0': 86, '1': 14}","['ZSH', 'I', 'sXH', 'HY', 'HX', 's', 'XHSX', 'XS', 'HY', 'YSH', 'YSH', 'YSH', 's', 'HS', 'H', 'YSH', 'XS', 'XS', 'XHSX', 'HY', 'I', 'sH', 'HX', 'YSH', 'HX', 'HS', 'S', 'Hs', 'XHSX', 'XH', 's', 'Hs', 'HY', 'sXH', 'Z', 'sXH', 'HX', 'X', 's', 'HS', 'HX', 'H', 'SH', 's', 'XHSX', 'YH', 'YSH', 'YSH', 'XS', 's', 's', 'XS', 'SH', 'XHSX', 'HY', 'XsH', 'H', 'H', 'sXH', 'S', 'I', 'HS', 'sXH', 'SH', 'sH', 'Z', 'sH', 'HX', 'ZH', 'Y', 'ZH', 'YH', 'X', 'XsH', 'XsH', 'I', 'HY', 'HX', 'SH', 'HS', 'Y', 'HS', 'I', 'I', 'YSH', 'HY', 'H', 'YH', 'YSH', 'ZH', 'Hs', 'SH', 'SH', 'HY', 's', 'XsH', 'H', 'Hs', 'XSH', 'XS', 'XS', 'SH', 'sXH', 'ZH', 'XH', 'YSH', 'S', 'XH', 'Z', 'HY', 'Y', 'S', 'XHSX', 'HS', 'S', 'H', 'Hs', 'sXH', 'S', 'HX', 'Hs', 'H', 'H', 'HX', 'Hs', 'Y', 'Hs', 'Hs', 'SH', 'I', 'H', 'HY', 'XSH', 'ZSH', 'HS', 'ZH', 'ZH', 'I', 'Y', 'YSH', 'Hs', 'I', 'YSH', 'YH', 'S', 'X', 'S', 'HS', 'YSH', 'YSH', 'XsH', 'S', 'sH', 'Z', 'SH', 'YH', 'Hs', 'YS', 'HY', 'HY', 'YH', 'XSH', 'HS', 'XSH', 'Z', 'XSH', 'SH', 'I', 'Y', 'X', 'HX', 'HX', 'HY', 's', 'sH', 'Hs', 'YH', 'YSH', 'Z', 'HY', 'I', 'XSH', 'YS', 'Z', 'XS', 'HX', 'Y', 'Hs', 'XSH', 'sH', 'XH', 'HY', 'XSH', 's', 'X', 'I', 'YH', 'YH', 'SH', 'sXH', 'XS', 'HS', 'H', 'Z', 'XS', 'XS', 's', 'Y', 'YSH', 'X', 'XH', 's', 's', 'Z', 'Y', 's', 'SH', 'HY', 'HX', 'H', 'XS', 'HS', 'ZSH', 'XS', 'XS', 'Y', 'ZSH', 'Y', 'Z', 'HY', 'SH', 'H', 'X', 'XSH', 'X', 'Z', 'X', 'S', 'XsH', 'sH', 'HX', 'XH', 'I', 'S', 'Hs', 'XS', 'S', 'S', 's', 'X', 'I', 'YSH', 'SH', 'S', 'Hs', 's', 'XsH', 'Z', 'I', 'XSH', 'YH', 's', 'I', 'XH', 'I', 's', 'YSH', 'YH', 'Hs', 'XHSX', 'ZH', 'XS', 'SH', 'XS', 'XSH', 'Hs', 'YH', 'S', 's', 'XS', 'Hs', 'sXH', 'X', 'sH', 'XHSX', 'YS', 'Z', 'XSH', 'X', 'XS', 'ZH', 'YH', 'I', 'SH', 'HX', 'HS', 'SH', 'sH', 'SH', 'XH', 'H', 'XH', 'YH', 'ZH', 'HX', 'XSH', 'XHSX', 'ZSH', 'SH', 'Y', 'H', 'ZSH', 'HS', 'H', 'X', 'XH', 'XsH', 'sXH', 'YS', 'XS', 'XS', 'S', 'Hs', 'XH', 'XHSX', 'H', 'YS', 'ZSH', 'Hs', 'XS', 'H', 'H', 'XHSX', 'sXH', 'XSH', 'H', 'Z', 'Z', 'ZH', 'I', 'I', 'H', 'XS', 'X', 'sXH', 'XS', 'XS', 'Hs', 's', 'XsH', 'X', 'XH', 'XH', 'X', 'sXH', 'XS', 'sH', 'Z', 'sXH', 'S', 'HX', 'Hs', 'Y', 's', 'X', 'sXH', 'sXH', 'XsH', 'ZH', 'HY', 'XHSX', 'XSH', 'HX', 'HY', 'HY', 'ZH', 'YS', 'SH', 'HS', 'X', 'SH', 'sXH', 'Y', 's', 's', 'XS', 'YS', 'sH', 'XHSX', 'XH', 'S', 'sH', 'HX', 'X', 's', 'Y', 'XHSX', 'XSH', 'S', 'YSH', 'S', 'XsH', 'HY', 'ZSH', 'XHSX', 'HY', 'Hs', 'XsH', 'YSH', 'XH', 'HX', 'S', 'I', 'SH', 'HS', 'ZSH', 'HS', 'HS', 'I', 'ZSH', 'ZH', 'H', 'XH', 'sXH', 'YSH', 'YH', 'YS', 'S', 'Hs', 'I', 'H', 'ZH', 'YSH', 'Y', 'I', 'YH', 'SH', 'YH', 'Hs', 'X', 'sH', 'XH', 'XHSX', 'sXH', 'Z', 'YSH', 'SH', 'XSH', 'S', 'YS', 'XsH', 'YSH', 'sXH', 'YS', 'sXH', 'HX', 'Y', 's', 'YS', 'sXH', 'X', 'YH', 'ZH', 'Z', 'XSH', 'YH', 'XH', 'HX', 'Hs', 'XSH', 'I', 'XH', 'X', 'sXH', 'HS', 's', 'Z', 'Hs', 'sH', 'I', 'YH', 'Z', 'Y', 'SH', 'SH', 'X', 'YH', 'sXH', 'ZSH', 'XS', 'YS', 'HS', 'HS', 'S', 'sH', 'ZSH', 'HX', 'HS', 'H', 'ZSH']"
500,499,"{'0': 89, '1': 11}","['HX', 'HS', 'XHSX', 'H', 'H', 'H', 'XH', 'ZH', 'ZH', 'HX', 'HS', 'SH', 'Hs', 'H', 'Z', 'YSH', 'XsH', 'Y', 'H', 'YS', 'H', 'XH', 'HY', 's', 'XsH', 'sXH', 'XH', 'XH', 'YS', 's', 'Z', 'H', 'sXH', 'XH', 'XsH', 'S', 'XH', 'SH', 'sXH', 'YSH', 'XS', 'XsH', 'XHSX', 'ZSH', 'YSH', 'YSH', 'XHSX', 'HY', 'S', 'XSH', 'ZSH', 'Hs', 'XH', 'HX', 'I', 's', 'Z', 'X', 'YS', 'Z', 'Y', 'YS', 'XSH', 'Y', 'HY', 'Hs', 'Y', 'H', 'YS', 'ZSH', 'XsH', 'SH', 'sH', 'SH', 'Y', 'sXH', 'XSH', 'XSH', 'SH', 'YSH', 'Y', 's', 'YSH', 'sH', 'SH', 'XsH', 'XsH', 'H', 's', 'sH', 'sH', 'S', 'sXH', 'Y', 'XH', 'YSH', 'XS', 'HS', 'ZH', 'HS', 'sH', 'HS', 'Z', 'I', 'HX', 'SH', 'ZSH', 'sH', 'XH', 'XS', 'YH', 'S', 'Hs', 'HS', 'XsH', 'SH', 'YH', 's', 'HX', 'XS', 'HY', 'ZH', 'S', 'XH', 's', 'YH', 'ZH', 'YH', 'I', 'sXH', 'I', 'YSH', 'I', 'XHSX', 'XsH', 'YSH', 'SH', 'sXH', 'SH', 'Y', 'Hs', 'XH', 'HS', 'YS', 'XHSX', 'HY', 'S', 'SH', 'I', 'ZSH', 'XS', 'S', 'I', 'HX', 'Hs', 'sXH', 'ZH', 'ZH', 'H', 'Y', 's', 'sH', 's', 'XsH', 'XsH', 'H', 'YH', 'XH', 'S', 'YS', 'HX', 'X', 'HS', 'YSH', 'Y', 'X', 'Z', 'HS', 'YH', 'H', 'ZSH', 'ZSH', 'XS', 'YS', 'XsH', 'ZH', 'S', 'sXH', 'HY', 'YSH', 'XS', 'S', 'YH', 'XsH', 'YSH', 'I', 'XS', 'XS', 'XHSX', 'XS', 'Z', 'I', 'SH', 'HS', 'XSH', 'ZH', 'ZSH', 'ZH', 'HY', 'sH', 'HY', 'I', 'Hs', 'Hs', 'ZH', 'sH', 'I', 'SH', 'YSH', 'XS', 'YSH', 'XSH', 'X', 'XSH', 'X', 'YSH', 'I', 'sXH', 'YH', 'X', 'Z', 'XsH', 'XSH', 'sXH', 'YSH', 'XSH', 'Y', 'I', 'ZSH', 'HY', 'H', 'sH', 'XsH', 's', 'ZSH', 'YSH', 'Y', 'ZSH', 'XH', 'Z', 'Hs', 'XSH', 'YS', 'Y', 'sXH', 'SH', 'H', 'HX', 'XS', 'HY', 'YH', 'XS', 'XSH', 'H', 'HY', 'X', 'Y', 'Y', 'sXH', 'SH', 'YH', 'XHSX', 'H', 'XsH', 'ZSH', 'Hs', 's', 'SH', 'HS', 'SH', 'XSH', 'YSH', 'HY', 'XH', 'YSH', 'YSH', 'HS', 'H', 'H', 'XS', 'X', 'SH', 'SH', 'XSH', 'ZSH', 'XsH', 'YS', 'XSH', 'HX', 'XH', 'sXH', 'XHSX', 'XH', 'HS', 'ZSH', 'ZSH', 'HY', 'XsH', 'YH', 'ZSH', 'Hs', 'ZSH', 'ZH', 'Hs', 'HS', 'YSH', 'YH', 'YS', 'X', 'X', 'Z', 'SH', 'Hs', 'sH', 'YS', 'XsH', 'XH', 'ZH', 'sH', 'YSH', 'XsH', 's', 'SH', 'YSH', 'XSH', 'sH', 'Hs', 's', 'XH', 'XHSX', 'XHSX', 'XH', 'SH', 'H', 'S', 'YH', 'ZSH', 'X', 'sH', 'YS', 'XsH', 'YH', 'HX', 'YSH', 'X', 'ZSH', 'XHSX', 'XsH', 'X', 'XHSX', 'Hs', 'XH', 'X', 'sXH', 'Z', 'ZSH', 'X', 'ZSH', 'XS', 'sH', 'YSH', 'XHSX', 's', 'S', 'XH', 'sH', 'YS', 's', 'XS', 'HX', 'Hs', 'S', 'Z', 'YS', 'ZSH', 'XSH', 'SH', 'Hs', 'sH', 'ZSH', 'sXH', 'XsH', 'HX', 'XH', 'HS', 'XSH', 'ZH', 'XsH', 'XH', 'YS', 'Y', 'HX', 'XHSX', 'YSH', 'XHSX', 'YSH', 'SH', 'H', 'sH', 'XH', 'Z', 'HS', 'I', 'Y', 'XH', 'XH', 'sH', 'HY', 'ZH', 'YS', 'H', 'Hs', 'ZH', 'sH', 'SH', 'X', 'SH', 'HX', 'X', 'I', 'H', 'XsH', 'sXH', 'XHSX', 'YS', 'Hs', 'S', 'SH', 'ZSH', 'YSH', 'YSH', 'XHSX', 'YSH', 'XsH', 's', 'X', 'XHSX', 'S', 'ZSH', 'XSH', 'SH', 'SH', 's', 'HY', 'ZSH', 'XS', 'ZH', 'ZSH', 'X', 's', 'XHSX', 'XS', 'XS', 'sH', 'YH', 'SH', 'sXH', 'H', 'sH', 'S', 'XsH', 'YS', 'Hs', 'sXH', 'SH', 'X', 'Y', 'ZSH', 'I', 'YH', 'H', 'YH', 'Z', 'Hs', 'SH', 'HS', 'XHSX', 'ZH', 'X', 'I', 'SH', 'Y', 'X', 'XsH', 'YS', 'Y', 'X', 'X', 'ZH', 'Hs']"
500,499,"{'1': 21, '0': 79}","['X', 'Z', 'XSH', 'sXH', 'XS', 'HS', 'HY', 'HY', 'I', 'XHSX', 'YH', 'XH', 'XHSX', 'H', 'Hs', 'XsH', 'XSH', 'S', 'HS', 'SH', 'sXH', 'SH', 'S', 'X', 'sH', 'XsH', 'XHSX', 'sXH', 'HY', 'YSH', 'YS', 'Y', 'YH', 'ZSH', 'Z', 'XsH', 'Hs', 'Hs', 'sXH', 'HS', 'Z', 'sXH', 'H', 'HS', 'H', 'HS', 'HY', 'SH', 'Hs', 'HS', 'HX', 's', 'Y', 'HY', 'HS', 'sXH', 'XSH', 'XHSX', 'sXH', 'S', 'YSH', 'S', 'XH', 'XHSX', 'HX', 'XHSX', 'S', 'XS', 'HX', 'Y', 'ZSH', 'HX', 'YS', 'HY', 'S', 'sXH', 'YH', 'sXH', 'XSH', 'XsH', 'XS', 'YSH', 'Z', 'Z', 'X', 'HX', 'Z', 'YSH', 'XHSX', 'XS', 'XHSX', 'HS', 'YSH', 'SH', 'XsH', 'sH', 'HS', 'Z', 'H', 'Y', 'XSH', 'ZSH', 'HX', 'H', 'ZSH', 'ZH', 'XsH', 'XsH', 'HY', 'XHSX', 'sH', 'XSH', 'Z', 'sXH', 'HS', 'X', 'XsH', 'S', 's', 'SH', 's', 'Z', 'ZSH', 'X', 'X', 'HX', 'YS', 's', 'HX', 'H', 'YSH', 's', 'XS', 'XHSX', 'XsH', 'X', 'YH', 'S', 'Hs', 'S', 'sH', 'S', 'ZH', 'XHSX', 'X', 'HS', 'sH', 'H', 'XS', 'sXH', 'ZSH', 'sXH', 'Hs', 'sH', 's', 'sXH', 'sH', 'YS', 'HX', 'YSH', 'YH', 'HS', 'ZSH', 'XS', 'XH', 'XHSX', 'sXH', 'I', 'XSH', 'X', 'HS', 'SH', 'X', 'YH', 'HX', 'I', 'XHSX', 'Hs', 'ZH', 'YS', 'XH', 'XHSX', 'H', 'HY', 'SH', 'H', 'YSH', 'XHSX', 'XHSX', 'X', 'XHSX', 'XH', 'XS', 'sXH', 'Hs', 'XHSX', 'H', 'YH', 'HS', 'YH', 'H', 'XH', 'YSH', 'YS', 'H', 'HY', 'YS', 'X', 'SH', 'YSH', 'sH', 'SH', 's', 'sXH', 'Hs', 'ZSH', 'YS', 'Y', 'S', 'XsH', 'Z', 'XH', 'sH', 'XHSX', 's', 'sH', 'HY', 'Y', 'YS', 'HS', 'I', 'YH', 'XHSX', 'Y', 'XH', 'I', 'S', 'XS', 'SH', 'SH', 'XH', 'XSH', 'XS', 'YSH', 'ZSH', 'H', 'HY', 'HX', 'XsH', 'HS', 'YSH', 'HY', 'YS', 'ZSH', 'YSH', 'HY', 'Y', 'sXH', 'SH', 'ZH', 'Y', 'XSH', 'ZSH', 'sH', 'XSH', 'YSH', 'H', 'HS', 'Y', 'YSH', 'sXH', 'Hs', 'sXH', 'sH', 'YS', 'Hs', 'Z', 'Hs', 'YS', 'XH', 'H', 'S', 'Y', 'XHSX', 's', 'YH', 'Y', 'YS', 'ZSH', 'HX', 'X', 'HX', 'sH', 'YH', 'YH', 'sXH', 'SH', 'S', 'H', 'sXH', 'XH', 'SH', 'YSH', 'S', 'YH', 'sH', 'X', 'Z', 'HX', 'HX', 'XS', 'X', 'SH', 'HS', 's', 'Z', 'HX', 'XH', 'Hs', 'XHSX', 'Hs', 's', 'SH', 'X', 'X', 'X', 'HY', 'YS', 'ZH', 'ZH', 'sXH', 'sH', 's', 'X', 'SH', 'Hs', 'YH', 'Hs', 'Y', 'I', 'HX', 'XS', 'S', 's', 'ZH', 'X', 'Hs', 'S', 'HS', 'XsH', 'ZH', 'X', 'HS', 'HS', 'sXH', 'SH', 'HY', 'SH', 'Hs', 'YH', 'HS', 'XH', 'XH', 'ZH', 'Y', 'XHSX', 'HY', 'SH', 'sH', 'Y', 'X', 'XHSX', 'HX', 'ZSH', 'HX', 'XH', 'Hs', 'XS', 'X', 'XHSX', 'XH', 's', 'XSH', 'Y', 'Hs', 'ZH', 'XH', 'YH', 'HY', 'Hs', 'YH', 'YS', 'sH', 'YSH', 's', 'XH', 'Y', 's', 'YH', 'ZSH', 'ZSH', 'YH', 'sH', 'X', 'ZH', 'XSH', 'Z', 'ZH', 'sH', 'HX', 'Z', 'XHSX', 'Z', 'Y', 'HY', 'Hs', 'XS', 'sXH', 'YS', 'ZSH', 'sH', 'X', 'X', 'ZH', 'H', 'HX', 'YH', 'YSH', 'SH', 'XSH', 'XS', 'XH', 'X', 's', 'XsH', 'S', 'sH', 'HX', 'YS', 'XsH', 'XH', 'Y', 'SH', 's', 'XSH', 'XsH', 'Z', 'HX', 'XH', 'XH', 'XSH', 'I', 'XH', 'X', 'I', 'I', 'HX', 'Z', 'SH', 'Hs', 'ZH', 'XH', 'X', 'HX', 'YH', 'H', 'sXH', 'Z', 'HS', 'YH', 'SH', 'H', 'S', 'X', 'Hs', 's', 'HY', 'ZH', 'Z', 'YSH', 'ZSH', 'SH', 'I', 'ZSH', 'YS', 's', 'HY', 'Hs', 'Hs', 'XsH', 'XsH', 'XsH', 'X', 'YS', 'Y', 'YSH', 's', 'HX', 'HS', 'HX']"
500,499,"{'0': 86, '1': 14}","['sXH', 'XH', 'X', 'ZH', 'HS', 'sH', 'YS', 'XS', 'Hs', 's', 'HY', 'HY', 'Z', 's', 'sH', 'H', 'XSH', 'HX', 'Y', 'HS', 'HY', 'ZH', 'XsH', 'XSH', 'YH', 's', 'sXH', 'XsH', 'YH', 's', 'H', 'H', 'XS', 's', 'sH', 'sXH', 'HX', 'HX', 'SH', 's', 'YH', 'Z', 'HX', 'SH', 'XSH', 'HY', 'sXH', 'Y', 'XHSX', 'ZH', 'sH', 'YH', 'HS', 'H', 'I', 'sXH', 'ZH', 'HX', 'XsH', 'YH', 'XH', 'XH', 'SH', 'Y', 'ZH', 'XS', 'XH', 'sXH', 'XS', 'ZSH', 'XS', 'S', 'XHSX', 'sXH', 'YSH', 'Hs', 'sXH', 'YH', 'HX', 'Z', 's', 'HS', 'XHSX', 'ZSH', 'HX', 'I', 'SH', 'H', 'XsH', 'HX', 'YS', 'ZSH', 'HX', 'SH', 'XHSX', 'XHSX', 'sXH', 'ZH', 'X', 'HY', 'XH', 'S', 'XSH', 'SH', 'XH', 'XsH', 'HX', 'HX', 'Z', 'S', 'XH', 'ZSH', 'XH', 's', 'H', 'YH', 'ZH', 'sH', 'XsH', 'XH', 'XS', 'S', 'YH', 'Z', 'XSH', 'ZSH', 'S', 'XH', 'SH', 'HX', 'sH', 'HX', 'SH', 'YH', 'YH', 'SH', 'HY', 'sH', 'ZH', 'YH', 'ZH', 'ZH', 'XsH', 'XS', 'S', 'YH', 'ZH', 'YS', 'YS', 'HX', 'ZH', 'HS', 'XS', 'XH', 'S', 'HS', 'XS', 'X', 'YS', 'XS', 'Z', 'H', 'H', 'XH', 'XsH', 'X', 'XS', 'XsH', 's', 'S', 'sH', 'X', 'HY', 'YH', 'Hs', 'XsH', 'XSH', 'Hs', 'HS', 'XSH', 'ZH', 'ZSH', 'sH', 'H', 'XH', 'XS', 'SH', 'I', 'XsH', 'sH', 'ZSH', 'XSH', 'HS', 'XH', 'sH', 'Hs', 'XSH', 'YH', 'YS', 's', 'XHSX', 'Hs', 'XH', 'YS', 'HY', 'XHSX', 'HS', 'XH', 'XH', 'XSH', 'Hs', 'XSH', 'sH', 'SH', 'I', 'sH', 'XsH', 's', 'XS', 'HX', 'YH', 'HS', 'I', 'X', 'YH', 'ZSH', 'XS', 'ZH', 'Hs', 'SH', 'XSH', 'XHSX', 'H', 'SH', 'sXH', 'sXH', 'HY', 'ZH', 'I', 'XSH', 'sXH', 'ZSH', 'HX', 'HS', 'Hs', 'YS', 'Z', 'YSH', 'H', 'I', 'XsH', 'H', 'Y', 'ZH', 'YH', 'X', 'ZH', 'Hs', 'HS', 'XSH', 'XHSX', 'XsH', 'sH', 'S', 'ZH', 'HX', 'XS', 'H', 'XS', 'H', 'XSH', 's', 'Hs', 'YSH', 's', 'ZSH', 's', 'XHSX', 'Y', 'YSH', 'ZSH', 'X', 'HS', 'sH', 'XSH', 'HY', 'XsH', 's', 'SH', 'XHSX', 'ZSH', 'XS', 'I', 'ZH', 'XHSX', 'Hs', 'YH', 'ZSH', 'S', 'X', 's', 'S', 'SH', 'HY', 'XS', 'Z', 'SH', 'SH', 'H', 'YH', 'Hs', 's', 'XHSX', 'XSH', 'sH', 'XHSX', 'XH', 'YSH', 'Z', 'XsH', 'X', 'Y', 'XHSX', 'YSH', 'Hs', 'H', 's', 'sH', 'SH', 'XSH', 'Z', 'XSH', 'H', 'H', 'XSH', 'YS', 'S', 'YS', 'Z', 'YH', 'YS', 'S', 'ZSH', 'XS', 'Hs', 'HX', 'YSH', 'SH', 'HX', 'HS', 'ZSH', 'sXH', 'ZH', 's', 'YS', 'ZSH', 'XHSX', 'H', 'I', 'XSH', 'YS', 'YSH', 'Z', 'I', 'HS', 'HS', 'XsH', 'H', 'Y', 's', 'HS', 'S', 'XsH', 'ZH', 'Y', 's', 'SH', 'XSH', 's', 'SH', 'XsH', 'YH', 'sH', 'ZH', 'HY', 'sH', 'HY', 'XsH', 'I', 'X', 'XH', 'ZH', 'YS', 'Y', 'sXH', 'YH', 'ZH', 'Hs', 'HY', 'HX', 'I', 'X', 'HX', 'HY', 'X', 'XH', 'S', 'YSH', 'XH', 'YH', 'Y', 'XSH', 'SH', 'X', 'X', 'ZH', 'HX', 'H', 'HY', 'SH', 'XS', 'X', 'ZH', 'ZSH', 'S', 'XsH', 'X', 'X', 'H', 'Z', 'ZSH', 'XSH', 'SH', 'sXH', 'I', 'X', 'H', 'ZH', 'Y', 'YS', 's', 'HY', 'S', 'XSH', 'XH', 'SH', 'XS', 'YS', 'XHSX', 'Y', 'HX', 'HY', 'XsH', 'HY', 'XSH', 'Y', 'YH', 'HS', 'YH', 'Y', 'XSH', 'XSH', 'XH', 'Hs', 's', 'H', 'ZSH', 's', 'I', 'XH', 'Z', 'ZH', 'H', 'YS', 'H', 'H', 'sXH', 'YSH', 'XSH', 'X', 'HX', 'X', 'YH', 'I', 's', 'HX', 'Z', 'HS', 'ZSH', 'YH', 'HX', 'HX', 'XHSX', 'YS', 'HX', 'I', 'sH', 'HY', 'XSH', 'X']"
500,499,"{'0': 79, '1': 21}","['XSH', 'SH', 'sXH', 'Hs', 'HX', 'Y', 'YH', 'Hs', 'YH', 'YS', 'sH', 'Y', 'HX', 'HS', 'HS', 'Y', 'XHSX', 'XSH', 'SH', 'Z', 'XH', 'SH', 'HY', 's', 'HY', 'S', 'YSH', 'XSH', 'XSH', 's', 'ZH', 'X', 'S', 'HY', 'XH', 'XsH', 'YH', 'XsH', 'YSH', 'SH', 'HS', 'Z', 'Z', 'H', 'S', 'HY', 'ZSH', 'S', 'YS', 'HS', 'SH', 'X', 'ZH', 'XHSX', 'S', 'sH', 'XH', 'H', 'HY', 'SH', 'sXH', 'H', 'YH', 'ZSH', 'YH', 'Z', 'XHSX', 'sH', 'SH', 'XH', 'YS', 'ZH', 'ZSH', 'HS', 'XHSX', 'Hs', 'H', 'Z', 'XsH', 'YSH', 'HS', 'SH', 'YSH', 'SH', 'XSH', 'sXH', 'XH', 'XSH', 'XSH', 'XH', 'Z', 'XsH', 'X', 'YSH', 'Hs', 'Y', 'XSH', 'Z', 'Y', 'YH', 'H', 'Hs', 'XsH', 'I', 'H', 'Y', 'HY', 'sXH', 'HS', 'YH', 'SH', 'I', 'XHSX', 'X', 'X', 'I', 'sXH', 'H', 'YH', 'Z', 'HX', 'YS', 'sXH', 'H', 'XsH', 'HY', 'ZSH', 'YH', 'XS', 'Z', 'XH', 'ZH', 'HS', 's', 'XSH', 'XsH', 'XSH', 'X', 'XHSX', 'H', 'S', 'Hs', 'X', 'HX', 'Z', 'XHSX', 'SH', 'Y', 'XS', 'XS', 'Z', 'S', 'sXH', 'sH', 'SH', 'Y', 'sXH', 'XHSX', 'YH', 'ZSH', 'YS', 'Hs', 'XS', 'YS', 'H', 'XHSX', 'XsH', 'X', 'H', 'XHSX', 'SH', 'HY', 'XS', 'X', 'YH', 'SH', 'HY', 'HS', 'HY', 'Y', 'HX', 'I', 'Y', 'S', 'XSH', 'S', 'XS', 'ZH', 'ZH', 'YH', 'XH', 'S', 'Hs', 'XH', 'YS', 'XS', 'Hs', 'I', 'YSH', 'X', 'YSH', 'X', 'YS', 'ZH', 'I', 'XsH', 'XS', 's', 'S', 'S', 'XsH', 'XHSX', 'I', 'XHSX', 'XSH', 'YS', 'XsH', 'S', 'sXH', 'HY', 'Y', 'YS', 'XS', 'SH', 'Hs', 'YSH', 'XS', 'SH', 'Hs', 'S', 'XsH', 'XSH', 'S', 'XsH', 'Hs', 'ZSH', 'XSH', 'XH', 'YSH', 's', 'Y', 'sXH', 'Z', 'XH', 'HX', 'Z', 'ZH', 'I', 'XSH', 'HS', 'HY', 'YH', 'YSH', 'XH', 'sH', 'XS', 'XS', 'sXH', 'SH', 'X', 'ZSH', 's', 'Z', 'SH', 'Z', 'HY', 'HX', 'sXH', 'SH', 'XsH', 'YH', 'sXH', 'S', 'X', 'YH', 'XSH', 'H', 'sXH', 'SH', 'HS', 'HY', 'XH', 'Z', 'XsH', 'S', 'Y', 'HY', 'H', 'Y', 'SH', 'HS', 'XH', 'Z', 'ZSH', 'YS', 'HY', 'XHSX', 'X', 'HX', 'H', 'HY', 'Hs', 'XHSX', 'XsH', 'XHSX', 'I', 'YH', 'YH', 'sXH', 's', 'HX', 'X', 'HS', 'Y', 'sH', 'ZH', 'sXH', 'XS', 'Hs', 'X', 'XH', 'HX', 'Y', 'sXH', 'HY', 'YS', 'SH', 'HX', 'HY', 'XS', 'XSH', 'YH', 's', 'Hs', 'X', 'YS', 'sXH', 'ZH', 'HS', 'YS', 'XSH', 'S', 'HX', 'S', 'ZH', 's', 's', 'YH', 'ZH', 'HY', 'HS', 'I', 'ZSH', 'XS', 's', 'S', 'ZSH', 'I', 's', 'Z', 'Z', 'H', 'HS', 'ZSH', 'XS', 'Z', 'I', 'H', 'X', 's', 'I', 'Y', 'SH', 'ZSH', 'Y', 'YSH', 's', 'YSH', 'HY', 'Z', 'XsH', 'H', 'X', 'SH', 'XSH', 's', 'HS', 's', 'Hs', 'Z', 'XH', 'YS', 'sXH', 'Z', 'HX', 'I', 'Z', 'Hs', 'SH', 'XHSX', 'XH', 'Y', 'SH', 'Hs', 'S', 'HS', 's', 'ZSH', 'Y', 'XsH', 'SH', 'sXH', 's', 'YS', 'sXH', 'YH', 'sXH', 'YH', 'XsH', 'SH', 'sXH', 'HS', 'I', 'Z', 'sH', 'HS', 'HS', 'Y', 's', 'Y', 'XH', 'HX', 'sH', 'HX', 'XSH', 'Z', 'XH', 'YSH', 'XS', 'HS', 'I', 'YSH', 'sXH', 'S', 'ZSH', 'ZH', 'HY', 'XHSX', 'XS', 'ZH', 'YH', 'XH', 'H', 'X', 'Z', 'HY', 'XsH', 'XH', 'HX', 'XH', 'S', 'H', 'XSH', 'SH', 'ZSH', 'HX', 'X', 'HY', 'HS', 'H', 'HX', 'sH', 'YH', 'XS', 'YSH', 'YH', 'HS', 'XsH', 'X', 'X', 'YSH', 'HX', 'Y', 'YH', 'HS', 'XS', 'YSH', 'ZH', 'ZH', 'sXH', 'XSH', 'XS', 'I', 'HS', 'X', 'XH', 'Z', 'S', 'XsH', 'YSH']"
500,499,"{'0': 85, '1': 15}","['H', 's', 'sXH', 'Z', 'X', 'YSH', 'ZSH', 'ZH', 'sH', 's', 'Y', 'ZSH', 'H', 'XH', 'ZH', 'Y', 'Y', 'sXH', 'YSH', 'YH', 'Hs', 'HY', 'XSH', 'Y', 'HY', 'YSH', 'SH', 'XH', 'sXH', 'ZH', 'Hs', 'Y', 'XsH', 'ZSH', 'sXH', 'Z', 'ZH', 'XS', 'YSH', 'HY', 'ZH', 'YSH', 'YS', 'S', 'sH', 'XHSX', 'HX', 'ZSH', 'YSH', 'X', 's', 'Z', 'YS', 'sH', 'XH', 'HS', 'XHSX', 'HX', 'I', 'XsH', 'HS', 'HX', 'Y', 'S', 'I', 'H', 'YSH', 'SH', 'XSH', 'YSH', 'HX', 'XSH', 'XSH', 'XS', 's', 'Hs', 'HS', 'XH', 'Y', 'HY', 'HS', 'YH', 'YS', 'sH', 'SH', 'sH', 'XH', 'ZSH', 'HY', 'ZH', 'HS', 'S', 'I', 'YH', 'HX', 'Y', 'HY', 'H', 'sXH', 'H', 'HY', 'Z', 'YSH', 'XsH', 'I', 'ZSH', 'XSH', 'XH', 'XH', 'XHSX', 'Hs', 'ZH', 'XSH', 'Y', 'H', 'HX', 'HS', 'HY', 'SH', 'ZH', 'XHSX', 'HS', 'YSH', 's', 'S', 'HX', 'ZSH', 'XS', 's', 'I', 'SH', 'XSH', 'XH', 'ZH', 'YH', 'XH', 'ZSH', 'XH', 'XsH', 'I', 'HS', 'S', 'YH', 's', 'YSH', 'S', 'sH', 'sXH', 'XS', 'Hs', 'YSH', 's', 'Z', 'XsH', 'YSH', 'HX', 'Z', 'HX', 'ZSH', 'XH', 'YS', 'HX', 'XHSX', 'sH', 'Hs', 'XS', 'YS', 'YSH', 'Z', 'XS', 'XHSX', 'XH', 'X', 'X', 'XH', 'ZH', 'HS', 'Hs', 'YH', 'YS', 'I', 'sXH', 'H', 'XSH', 'ZSH', 'XsH', 'HX', 'Z', 'H', 'YS', 'Y', 'Y', 's', 'sH', 'XSH', 'sH', 'XS', 'sXH', 'XH', 'I', 'HS', 'Hs', 'ZSH', 'S', 'YS', 'XSH', 'HS', 's', 'XsH', 'ZSH', 'I', 'S', 'Y', 'X', 'XH', 'XHSX', 'sXH', 'XH', 'Hs', 'SH', 'Z', 'Z', 'XH', 'XSH', 'Y', 'ZSH', 'XS', 'XS', 'HS', 'HY', 'YH', 'YS', 'HS', 'Hs', 'ZSH', 'YH', 'X', 'XS', 'Y', 'XsH', 'XsH', 'sXH', 'ZSH', 'sXH', 's', 'HX', 'Z', 'Hs', 'XS', 'HX', 'ZH', 'Y', 'S', 'HX', 'YSH', 'XH', 'YSH', 'HS', 'HX', 'Hs', 'YS', 'Y', 'ZH', 'XS', 'S', 'XHSX', 'sXH', 'HY', 'HY', 'Y', 'HX', 'S', 'XSH', 'YSH', 'XH', 'YSH', 'XSH', 'H', 'Hs', 'HS', 'XH', 'YH', 'S', 'YH', 'XHSX', 'SH', 's', 'HX', 'XH', 's', 'XSH', 'sH', 'Z', 'HS', 'ZH', 'Hs', 'XS', 's', 'YSH', 'Z', 'sXH', 'XSH', 'ZH', 'HY', 'S', 'HY', 'ZSH', 'YSH', 'HY', 'S', 'Hs', 'sXH', 'YS', 'sH', 'Y', 's', 's', 'ZH', 'Hs', 'XS', 'H', 'Z', 'H', 'YSH', 'H', 'YS', 's', 's', 'XSH', 'XSH', 'HY', 'HX', 'YSH', 'HS', 'XH', 'sXH', 'XHSX', 'YS', 'Hs', 's', 'XsH', 'XsH', 'ZH', 'HX', 'Hs', 'XsH', 'X', 'YSH', 'XHSX', 'sH', 'ZSH', 'I', 'HX', 'SH', 'HX', 'HX', 'XHSX', 'sH', 'XS', 'Hs', 'X', 'I', 'XHSX', 'H', 'X', 'HS', 'Z', 'YSH', 'XHSX', 'YSH', 'ZH', 's', 'Hs', 'H', 'Y', 'HS', 's', 'ZSH', 'Y', 'H', 'ZSH', 'Y', 'XsH', 'SH', 'HS', 'XSH', 'YSH', 'SH', 'XH', 'YH', 'ZH', 'X', 'HY', 'H', 'Z', 'YS', 'I', 'XHSX', 'H', 'Z', 'YSH', 'HX', 'YS', 'sXH', 'XsH', 'S', 'H', 'XH', 'ZH', 'sH', 'Hs', 'X', 'XH', 'H', 's', 'XHSX', 'YS', 'HS', 'YS', 'sXH', 'XsH', 'ZH', 'sH', 'YSH', 'ZSH', 'HS', 'YH', 'I', 'X', 'ZSH', 'XS', 'XH', 'sXH', 'S', 'sXH', 'XH', 'SH', 'XH', 'H', 'S', 'HY', 'ZSH', 'ZH', 'Y', 'HX', 'YSH', 'sXH', 'YSH', 'sXH', 'sXH', 'HX', 'XHSX', 'Y', 'XSH', 'XHSX', 'X', 'YS', 'XHSX', 'Hs', 'XHSX', 'sH', 'YSH', 'Hs', 'SH', 'XSH', 'X', 'HX', 'HY', 'XH', 'sH', 'XHSX', 'Z', 'YSH', 'S', 'XHSX', 'sH', 'H', 'Y', 'HX', 'XH', 'sXH', 'Y', 'HS', 'Z', 'XH', 'sH', 'Hs', 'X', 'sXH', 'X', 'X', 'XHSX', 's', 'Z', 'XHSX', 'YSH', 'XS', 'XHSX', 'XHSX', 'ZH']"
500,499,"{'0': 90, '1': 10}","['XH', 'Z', 'SH', 'XsH', 'sH', 'Z', 'XH', 'YH', 'Hs', 'ZH', 'X', 'ZSH', 'XSH', 'XS', 'ZH', 'ZSH', 'YH', 'X', 'HY', 'H', 'X', 'H', 'YS', 'YH', 'sXH', 'Z', 'S', 'XHSX', 'XHSX', 'S', 'X', 'Hs', 'SH', 'S', 'sH', 'Y', 'XHSX', 'YH', 'XS', 'HS', 'YSH', 'SH', 'YSH', 'H', 'XHSX', 'HY', 'HX', 'Z', 'HS', 'YS', 'XSH', 'HY', 'SH', 'Z', 'YS', 'I', 'Z', 'XS', 'XsH', 'H', 'XsH', 'XHSX', 'Y', 'S', 's', 'Z', 'HS', 'sXH', 's', 'XsH', 'YSH', 'Z', 'XsH', 'YS', 'YSH', 'YH', 'X', 'H', 'HX', 'Hs', 'S', 's', 'Z', 'XsH', 'ZSH', 'sH', 'sXH', 'S', 'sXH', 'Y', 'XSH', 'HS', 'I', 'XsH', 's', 'X', 'XH', 'HX', 'XH', 'XH', 'YSH', 'H', 'H', 'Hs', 'X', 'Y', 'X', 'XsH', 'ZH', 'sXH', 'sXH', 'YH', 'I', 'HY', 'Y', 'XHSX', 'XH', 'sXH', 'XsH', 'ZSH', 'I', 'ZH', 'I', 'YS', 'XSH', 'XH', 's', 'X', 'XH', 'Y', 'YS', 'SH', 'XHSX', 'I', 'Hs', 'Y', 'HS', 'HY', 'YS', 'Z', 'ZSH', 'X', 'SH', 'Y', 'sH', 'sXH', 'Y', 'YS', 'XH', 'Z', 'XS', 'I', 'YS', 'SH', 'H', 'XHSX', 'YSH', 'XHSX', 'XsH', 'Hs', 'Hs', 'SH', 'Hs', 'Z', 'S', 'SH', 'Hs', 'XsH', 's', 'H', 'Z', 'HX', 'XHSX', 'ZH', 'XH', 'ZH', 'sH', 's', 'XH', 'Hs', 'XS', 'HS', 'ZSH', 'HY', 'YSH', 'XsH', 'sXH', 'XSH', 'sH', 'H', 'sH', 'ZSH', 'Y', 'HS', 'YSH', 'XH', 'HX', 'sH', 'XH', 'Z', 'S', 'YS', 'HX', 'ZH', 'sH', 's', 'SH', 'XH', 'ZH', 'Z', 'YH', 'YSH', 'Y', 'XHSX', 'X', 'XsH', 'XHSX', 'X', 'SH', 'S', 'ZSH', 'HX', 'XsH', 'ZH', 'XSH', 'Z', 'HS', 'HS', 's', 'XH', 'XS', 'Y', 'YSH', 'YH', 'sXH', 'Z', 'YH', 'HS', 'HX', 'YSH', 'ZSH', 'Y', 'XHSX', 'XSH', 'HS', 'Hs', 'SH', 'I', 'ZH', 'sH', 'H', 'I', 's', 'S', 'HY', 'XSH', 'Y', 'SH', 'HX', 'sXH', 'XS', 'HY', 'I', 'SH', 'ZSH', 'XSH', 'XSH', 'Z', 's', 'S', 'XHSX', 'Y', 'XSH', 'HS', 'HX', 'XS', 'XH', 'sH', 'SH', 'SH', 'S', 'YS', 'HS', 'Hs', 'SH', 'XsH', 'YSH', 'X', 'S', 'YH', 's', 'sH', 'YSH', 'XHSX', 'HX', 'XSH', 'S', 'XSH', 'XH', 'H', 'ZH', 'sH', 's', 'Z', 'S', 'H', 'XH', 'YSH', 'SH', 's', 'YH', 's', 'YS', 'sH', 'ZH', 'YH', 'sH', 'Hs', 's', 'YS', 'YS', 'YSH', 'Hs', 'XSH', 'XH', 'HY', 'Y', 'ZSH', 'XHSX', 'XH', 'I', 'Hs', 'XS', 's', 'X', 'YSH', 'I', 'YH', 'ZSH', 'H', 'I', 'Z', 'I', 's', 'H', 'XsH', 's', 'XSH', 'H', 'XH', 'XsH', 'sH', 'H', 'ZSH', 'Z', 'YH', 'XH', 'X', 'SH', 'XH', 'S', 'Z', 'X', 'XHSX', 'H', 'Z', 'ZH', 'HS', 'Hs', 'I', 'XHSX', 'Y', 'H', 'Z', 'Y', 'YS', 'ZH', 'Hs', 'HS', 'HX', 'YS', 'HX', 'Y', 'I', 'XS', 'SH', 'XS', 'H', 'SH', 'X', 'YS', 'XHSX', 'XS', 'I', 'Hs', 'sH', 'SH', 's', 'XS', 's', 'XH', 'H', 'S', 'I', 'HS', 'sXH', 'HY', 'XSH', 'sXH', 'YH', 'sH', 'X', 'XHSX', 'X', 'XHSX', 'Y', 'Z', 'YS', 'ZH', 'Z', 'Y', 'XH', 'YS', 'Hs', 'XSH', 'Hs', 'HX', 'ZH', 'X', 'Z', 'ZSH', 'Y', 'Z', 'Z', 'Hs', 'Y', 's', 'YS', 'ZSH', 'XsH', 's', 'SH', 'HX', 'sH', 'ZSH', 'XS', 's', 'XH', 'XH', 'ZH', 'XS', 'XHSX', 'XSH', 'Z', 'XH', 'XsH', 'YH', 'YSH', 'H', 'sH', 'ZSH', 'X', 'YS', 'HS', 'XHSX', 'XSH', 'Z', 'YH', 'XH', 'Hs', 'XH', 'XHSX', 'H', 'HY', 'XSH', 'XsH', 's', 'Z', 'HY', 'XsH', 'Y', 'XHSX', 'ZH', 'XH', 'Z', 'SH', 'HY', 'X', 'XSH', 'XSH', 'H', 'H', 'Y', 'HX', 'YSH', 'S', 'SH', 'ZSH', 'XSH', 'sXH']"
500,499,"{'0': 88, '1': 12}","['HS', 'S', 'YS', 'sXH', 'H', 'ZH', 'XsH', 'ZH', 'sH', 'YS', 'YSH', 'H', 'XHSX', 'Y', 'YSH', 'S', 'SH', 'XSH', 'HX', 'ZH', 'I', 'XHSX', 'ZSH', 'Y', 'ZH', 'Hs', 'H', 'I', 'XHSX', 'ZSH', 'XsH', 'XH', 'H', 'ZSH', 'S', 'HY', 'Y', 'HS', 'HY', 'Z', 'Y', 'sH', 'H', 'HX', 'XHSX', 'XsH', 'XH', 'Hs', 'YSH', 'XsH', 'HX', 'sH', 's', 'XS', 'H', 'YSH', 'XH', 'Hs', 'S', 'YS', 'ZSH', 'ZH', 'XS', 'YH', 'ZH', 'Y', 'ZH', 'Hs', 'ZH', 'Hs', 's', 'XsH', 'sH', 'H', 'S', 'sXH', 'XHSX', 'ZH', 'ZSH', 'HX', 'SH', 'sXH', 'XsH', 'Z', 'Z', 'Hs', 'Hs', 'sH', 'sXH', 'YH', 'XH', 'sH', 'YS', 'sH', 'Hs', 'HS', 'YH', 'XSH', 'YH', 'sXH', 'XHSX', 'XSH', 'YSH', 'sH', 's', 'Z', 'XS', 'XSH', 'SH', 'I', 'I', 'sH', 'sXH', 'XHSX', 'HS', 's', 'HX', 'XS', 'HS', 'YS', 'ZSH', 'H', 'X', 'HY', 'XsH', 'ZSH', 'XSH', 'Y', 'X', 'XHSX', 'HY', 'ZSH', 'XS', 'SH', 'Z', 'YS', 's', 'HS', 'XS', 'X', 'YS', 'X', 'S', 'Hs', 'sXH', 'Z', 'XS', 'SH', 'H', 'SH', 'XHSX', 'YSH', 's', 'HX', 'sXH', 'SH', 'X', 'XS', 'I', 'H', 'Z', 'XsH', 'XS', 'HX', 'YSH', 'HY', 'I', 'HS', 'ZH', 'XH', 'HS', 'YSH', 'H', 'sH', 'sH', 'Hs', 'XHSX', 's', 'XHSX', 'Z', 'XSH', 'XHSX', 's', 'S', 'SH', 'XsH', 'I', 'HX', 'sXH', 'XHSX', 'Hs', 'I', 'YS', 'XH', 'X', 'ZH', 's', 'SH', 'I', 'ZSH', 'YSH', 'HX', 'Z', 'XHSX', 'XH', 'SH', 'XS', 'S', 'H', 'XsH', 'YSH', 'ZH', 'SH', 'HX', 'I', 'XsH', 'Y', 'XSH', 'XH', 's', 'Z', 'YH', 'S', 'Z', 'H', 'I', 'HX', 'Z', 'X', 'I', 'HS', 'HY', 'YH', 'Z', 'Hs', 'HS', 'S', 'H', 'sXH', 'XHSX', 'YS', 'HS', 'ZH', 'XS', 'HX', 'sH', 'Hs', 'HX', 'HS', 'Y', 'H', 'S', 'HY', 'XsH', 'XsH', 'XHSX', 'HY', 'H', 'HS', 'ZH', 'HX', 'Z', 'X', 'I', 'YH', 'Hs', 's', 'HY', 's', 'I', 'I', 'HY', 'S', 'YSH', 'ZSH', 'HX', 'I', 'Y', 'YH', 'XsH', 'SH', 'sH', 'XsH', 'Z', 'sXH', 'XSH', 'sXH', 'ZSH', 'HX', 'XS', 'HY', 'H', 'sXH', 'Y', 'sXH', 'XS', 'sXH', 'Z', 'sH', 'sXH', 'HY', 'XsH', 'X', 'H', 'sXH', 'YSH', 'XHSX', 'sH', 'X', 'Y', 'sXH', 'YH', 'YSH', 'Z', 'YSH', 'YSH', 'Hs', 'H', 'SH', 'H', 'Y', 'S', 'X', 'XHSX', 'I', 'HX', 'Y', 'HS', 'XSH', 'HY', 'HX', 'sH', 'HY', 'ZSH', 'XS', 'S', 'I', 'X', 'XH', 'XsH', 'HX', 'X', 'XSH', 'Hs', 'sXH', 'SH', 'S', 'S', 'sH', 'X', 'H', 'HY', 's', 'Y', 'Hs', 'XHSX', 's', 'Hs', 'XHSX', 'HY', 'X', 'HY', 'YH', 'XsH', 'XHSX', 'Y', 'YH', 'ZSH', 's', 'XS', 'sXH', 'Hs', 'Z', 's', 'ZH', 'HX', 'S', 'ZH', 'XH', 'I', 'X', 'HS', 'S', 'YS', 'HS', 'YSH', 'I', 'HX', 'Y', 'XsH', 'HS', 'X', 'Hs', 'XsH', 'YH', 'ZH', 'Y', 'Hs', 'YH', 'HX', 'YH', 'ZH', 'I', 'ZSH', 'YSH', 'I', 'HX', 'sXH', 'SH', 'HX', 'ZSH', 'HS', 'HY', 'S', 'YS', 'XHSX', 'YH', 'XH', 'X', 'X', 'H', 'S', 'I', 'ZH', 's', 'Y', 'HX', 'H', 'Z', 'Y', 'sH', 'HS', 'XSH', 'I', 'HX', 'ZSH', 'I', 'S', 'Hs', 'XS', 'S', 'Hs', 'sXH', 'XH', 'SH', 'X', 'sXH', 'Hs', 'S', 'XSH', 'H', 'XS', 'S', 'I', 'XsH', 'ZH', 'XH', 'Z', 'YSH', 'I', 'H', 'XS', 'XsH', 'XsH', 'sXH', 'Z', 'sH', 'H', 'ZSH', 'YSH', 'I', 'X', 'XSH', 'ZH', 'S', 'Hs', 'SH', 'YSH', 'ZSH', 'ZH', 'X', 'Y', 'XH', 'ZH', 'HS', 'X', 'YS', 'YH', 'XS', 'YH', 'XHSX', 'HX', 'YSH', 'ZSH', 'ZH', 'XSH', 'XsH', 'HS', 'YSH', 'XS']"
500,499,"{'1': 10, '0': 90}","['sH', 'XH', 'YSH', 'YH', 'Y', 'HX', 'HY', 'HY', 'YS', 'YH', 'S', 'sH', 'sXH', 'Hs', 'XS', 'SH', 'ZH', 'XSH', 'XHSX', 'XH', 'HY', 'XHSX', 'XH', 'XSH', 'SH', 'YS', 'XH', 'H', 'HX', 'H', 'XSH', 'XHSX', 'HS', 'HY', 'S', 'Z', 's', 'Z', 'HY', 'HX', 'YH', 'Z', 'Y', 'X', 'sXH', 'XS', 'Hs', 'YH', 'X', 'sXH', 'XS', 'X', 'ZH', 'YS', 'Hs', 'H', 'XsH', 'S', 'I', 'HY', 'SH', 'HS', 'Y', 'HY', 'XH', 'XS', 'ZSH', 'Z', 'Hs', 'XsH', 'XsH', 'XsH', 'X', 'ZH', 'sH', 'YSH', 'sH', 'XsH', 'sXH', 'I', 'HS', 'HX', 'HY', 'Hs', 'sH', 'Y', 'XH', 'XSH', 's', 'SH', 'YS', 'I', 'Hs', 'SH', 'XHSX', 'SH', 'sXH', 'sH', 'ZH', 'HS', 'HS', 's', 'Z', 'YH', 'I', 'HX', 'XS', 'Z', 'SH', 'XSH', 'YSH', 'YH', 'YH', 'X', 'SH', 'SH', 'ZSH', 'X', 'YS', 'H', 'XsH', 'XH', 'HX', 'HX', 'HY', 'YS', 'XSH', 'YH', 'sXH', 'HY', 'YSH', 'sXH', 'XH', 's', 'sH', 'XH', 'ZH', 'XsH', 'H', 'sXH', 'YS', 's', 'H', 'XHSX', 'HX', 'sXH', 'ZSH', 'XS', 'ZSH', 'S', 'SH', 'sXH', 'XS', 'YS', 's', 'X', 'XSH', 'XSH', 'Z', 'X', 'Hs', 'XS', 'SH', 'XSH', 'HS', 'YH', 'HY', 'YH', 'sXH', 'Hs', 'XsH', 'sH', 'YS', 'XHSX', 'ZH', 'YS', 'sH', 'YH', 'XS', 'H', 'HX', 's', 'X', 'Z', 'XSH', 'XHSX', 'Z', 'XSH', 'Hs', 's', 'YH', 'HY', 'H', 's', 'sH', 'XSH', 'XS', 'ZH', 'ZSH', 'XH', 'sH', 'YSH', 'Y', 'H', 'YS', 'YS', 's', 'I', 'X', 'ZH', 'HY', 'H', 'ZSH', 'sH', 'Y', 'S', 'SH', 'H', 'XH', 's', 'I', 'YSH', 'I', 'HS', 'HX', 'HS', 'YS', 'HY', 'ZSH', 'I', 'YH', 'YSH', 'X', 'XH', 'S', 'HY', 'YH', 'Y', 'Z', 'X', 's', 'YH', 'YH', 'ZSH', 'X', 'HS', 'ZH', 'X', 's', 'XH', 'XHSX', 'SH', 'XS', 'XSH', 'YSH', 'XHSX', 'HS', 'Hs', 'HY', 'Y', 'X', 'YSH', 'XHSX', 'HY', 'YS', 'YSH', 'H', 'YS', 'HX', 'XHSX', 'XS', 'YS', 'Y', 'Y', 'YS', 'I', 'I', 'ZH', 'YS', 'Z', 'ZSH', 'YS', 'sXH', 'XsH', 'HS', 'sXH', 'Y', 'sH', 'XS', 'XsH', 'Z', 'I', 'YS', 'SH', 'ZSH', 'ZSH', 'sXH', 'XsH', 'Hs', 'Y', 'X', 'YS', 's', 'Z', 'ZH', 'S', 'X', 'YH', 'H', 'Y', 's', 's', 's', 'XSH', 'HS', 'X', 'ZH', 'HY', 'XSH', 'H', 'XSH', 'HS', 'YSH', 'I', 'HS', 'XSH', 'Hs', 'YSH', 'Hs', 'XsH', 'X', 'sH', 'S', 'XS', 'XH', 'Hs', 'HS', 'HY', 'YS', 'SH', 'Y', 'HS', 'XHSX', 'XH', 's', 'sXH', 'H', 'XH', 'HS', 'XH', 'H', 'SH', 'HX', 'XsH', 'HY', 'X', 'SH', 'sH', 'XHSX', 'YH', 'HY', 'Y', 'ZSH', 'ZH', 'sXH', 'HY', 'ZH', 'XHSX', 'YSH', 'XH', 'HY', 'XH', 'HX', 'Y', 'YH', 'X', 'ZH', 'sXH', 'sXH', 'Hs', 'HX', 'XSH', 'XHSX', 'HY', 'I', 'ZH', 's', 'X', 'Y', 'XHSX', 'HS', 'XH', 'HY', 'SH', 'X', 'XH', 'HS', 'ZSH', 'sH', 'HS', 'YH', 'HS', 'YS', 'I', 'X', 'YSH', 'XH', 'S', 'HX', 'ZH', 'H', 'YSH', 's', 'Y', 'sH', 'YH', 'Z', 'sXH', 's', 'YSH', 'ZH', 'ZH', 'YS', 'sH', 'XS', 'YSH', 'XH', 'XsH', 'ZSH', 'YS', 'Hs', 'X', 'ZSH', 'HS', 'ZSH', 'XHSX', 'Z', 'XH', 'HY', 's', 'HX', 'I', 's', 'Y', 'YSH', 'sH', 'I', 's', 'sXH', 'HY', 'HY', 'Y', 'YH', 'SH', 'X', 'YSH', 'Hs', 'XSH', 'sH', 'sH', 'Y', 'ZSH', 'YS', 'Hs', 'SH', 'H', 'Hs', 's', 'sXH', 'HX', 'HS', 'HX', 'YSH', 'H', 'S', 'ZSH', 'YSH', 'Y', 'YS', 'XHSX', 'ZSH', 'YSH', 'YSH', 'XH', 'XHSX', 'YSH', 'Z', 'HS', 'XS', 'X', 'XHSX', 'ZH', 'YSH', 'ZSH', 'H', 'I', 'S', 'HS', 'HS', 's']"
500,499,"{'0': 86, '1': 14}","['Hs', 'YSH', 'XS', 'HY', 'YH', 'HX', 'HX', 'Hs', 's', 'H', 'SH', 'YS', 'XSH', 'ZSH', 'sH', 'X', 'SH', 'X', 'XsH', 'XsH', 'S', 'I', 'Y', 'Hs', 'Hs', 'ZH', 'H', 'ZSH', 'HS', 'SH', 'sH', 'ZSH', 'I', 'S', 'X', 'XSH', 'XSH', 'ZSH', 'HS', 'YH', 'YS', 'XHSX', 'XH', 'XHSX', 'XH', 'YS', 'YS', 'ZH', 'sH', 'H', 'YH', 'SH', 'XSH', 'XsH', 'Hs', 'YS', 'sXH', 'XSH', 'Z', 'ZH', 'XSH', 'XSH', 'ZSH', 'X', 'Y', 'H', 'XsH', 's', 'SH', 'YSH', 'YSH', 'Y', 'XH', 'I', 'S', 'XH', 'sXH', 'YH', 'X', 'X', 'S', 'sXH', 'SH', 'SH', 'Y', 'XSH', 'HX', 'XS', 'ZSH', 'HY', 'H', 'Z', 'HX', 'XsH', 'Hs', 'HY', 'Y', 'XsH', 'HX', 'YSH', 'YS', 'Y', 'HX', 'XS', 'ZSH', 'S', 'Hs', 'YH', 'HX', 'YH', 'S', 'HX', 'ZSH', 'ZSH', 'YSH', 'H', 'ZH', 'Hs', 'X', 'XHSX', 'HY', 'ZH', 'HX', 'XHSX', 'sXH', 'I', 'ZH', 'Y', 'sXH', 'Z', 'ZH', 'Hs', 'HS', 'XSH', 'XHSX', 'S', 'sXH', 'I', 'XH', 'YS', 'S', 'X', 'S', 'HS', 's', 'HS', 'YS', 'H', 'XH', 'YSH', 'HX', 'YH', 'SH', 'sXH', 'Z', 'Hs', 'sH', 'YH', 's', 'ZSH', 'HY', 'Z', 'I', 'sH', 'X', 'XH', 's', 'Y', 'HS', 'XS', 'YH', 'Y', 'sH', 'XH', 'XS', 'HS', 'SH', 'YS', 's', 'sXH', 'ZSH', 'sXH', 's', 'ZSH', 'I', 'H', 'SH', 'Z', 'SH', 'YSH', 'Hs', 'XH', 'SH', 's', 'sH', 'HX', 'YH', 'ZSH', 'ZSH', 'XsH', 'HS', 'ZSH', 'HX', 'H', 'YS', 'sXH', 'XH', 'YSH', 'XHSX', 'HS', 'XS', 'XsH', 'SH', 'Hs', 'YSH', 'XS', 'H', 'XSH', 'SH', 'HX', 'I', 'XHSX', 'HX', 'XsH', 'XH', 'S', 'XHSX', 'H', 'Hs', 'S', 'XsH', 'XH', 'XH', 'XSH', 'S', 'X', 'X', 'S', 'I', 'H', 's', 'YS', 'Y', 'XH', 'YS', 'SH', 'XS', 'XSH', 'Hs', 'XSH', 'YH', 'Hs', 'HS', 'S', 'I', 'ZH', 'HS', 'I', 'sH', 'YS', 'I', 'HX', 'ZH', 'YS', 'YS', 'XHSX', 'I', 'sH', 'H', 'SH', 'ZSH', 'Y', 'YH', 'sH', 'I', 'S', 'H', 'HY', 'XSH', 'Hs', 'H', 'XS', 'sXH', 'ZSH', 'Hs', 'HX', 'Hs', 'Hs', 'XHSX', 'XSH', 'ZH', 'XH', 'XHSX', 'S', 'XsH', 'S', 'XsH', 'XsH', 'Z', 'XS', 'HX', 'ZSH', 'ZH', 'SH', 'Hs', 'ZH', 'SH', 'YSH', 'XSH', 'HY', 'Y', 'XSH', 'HY', 'sXH', 'sH', 'Z', 'Hs', 'I', 'HY', 'S', 'Z', 'YSH', 'Z', 'I', 'ZH', 'sH', 'sH', 'XsH', 'S', 'sXH', 'H', 'Y', 'HX', 'Y', 'SH', 'ZH', 'YH', 'ZH', 'Y', 'XsH', 'sH', 's', 'ZH', 'HX', 'Y', 'HX', 'XS', 'sH', 'sH', 'H', 'Y', 'ZH', 'XsH', 'HX', 'ZH', 'XS', 'SH', 'YSH', 'YH', 'HY', 'HY', 'YH', 'XH', 'HX', 'I', 'Y', 'Hs', 'I', 'HS', 'sH', 'ZSH', 'XHSX', 'YSH', 'YS', 'XS', 'XsH', 'XH', 'YH', 'XS', 'Y', 'I', 'XSH', 'S', 'YH', 'Y', 'XS', 'sH', 'XH', 'Y', 'XS', 'SH', 'XHSX', 'XH', 'YH', 'XSH', 'S', 'HS', 'YS', 'XSH', 'I', 'SH', 'ZH', 'XSH', 'XS', 'YSH', 'XSH', 'ZH', 'XSH', 'XSH', 'XH', 'I', 'HX', 's', 'S', 'ZH', 'sXH', 'HY', 'I', 'H', 'ZSH', 'Hs', 'Hs', 'XHSX', 'HX', 'H', 'sH', 'HS', 'H', 'Hs', 'Z', 'YSH', 'Hs', 'HS', 'Hs', 'ZSH', 's', 'XSH', 's', 'I', 'XH', 'Y', 'HS', 'YS', 'XSH', 'H', 'S', 'sXH', 'H', 'ZSH', 'sXH', 'ZSH', 'ZSH', 'HY', 'YSH', 'SH', 'YH', 'sXH', 'HX', 'XHSX', 'YSH', 'sXH', 'SH', 'XHSX', 'XsH', 'H', 'X', 'Hs', 'XH', 'SH', 'SH', 'S', 'sXH', 'I', 'YSH', 'YH', 'Y', 'XHSX', 'XH', 'XH', 'Z', 'SH', 'ZSH', 'SH', 'ZSH', 'YH', 'I', 'sXH', 'Y', 'ZH', 'ZSH', 's', 'XsH', 'I', 'Hs', 's', 'YS', 'Y', 'SH', 'S', 'YH']"
500,499,"{'1': 14, '0': 86}","['HY', 'XsH', 'ZH', 'XSH', 'sH', 'Z', 'ZH', 'sH', 'YSH', 'YSH', 'YSH', 'YSH', 'YS', 'sH', 'ZSH', 'sXH', 'sH', 'XH', 'ZH', 'H', 'HY', 'SH', 'HY', 'sH', 'S', 'X', 'XH', 'HX', 'XHSX', 'XsH', 'XsH', 'HX', 'ZSH', 's', 'HY', 'H', 'H', 'XSH', 'HY', 'S', 'Hs', 'ZH', 'ZH', 'HX', 'HS', 'sXH', 'YH', 'XH', 'sXH', 'ZH', 'YS', 'YH', 'XHSX', 'sH', 'Z', 'YSH', 'sXH', 'sXH', 'HY', 'HS', 'HS', 'YH', 'YH', 'sH', 'YSH', 'YS', 'H', 'S', 'XSH', 'HS', 's', 'H', 'X', 'ZH', 'XSH', 'HY', 'ZH', 'S', 'Hs', 'ZH', 's', 'HY', 'YSH', 'YSH', 'XsH', 'SH', 'YH', 'sXH', 'YH', 'XsH', 'HY', 'HY', 'YH', 'YS', 'XS', 'H', 'YSH', 'sH', 'Z', 'HX', 'YS', 'SH', 'YSH', 'XSH', 'HY', 'XHSX', 'HY', 'HS', 'sXH', 'XS', 'XH', 'XH', 'XS', 'sXH', 'YS', 'Y', 'X', 'YH', 'sXH', 'HY', 'ZSH', 'X', 'XS', 'YH', 'ZH', 'XH', 'Z', 'YH', 'HS', 'YS', 'ZH', 'HY', 'YSH', 'sH', 'Hs', 'XsH', 'XH', 'Hs', 'sXH', 'HS', 'HY', 'YS', 'ZSH', 'XHSX', 'Z', 'HX', 'XSH', 'YS', 'YS', 'HX', 'Z', 'S', 'YSH', 'Z', 'Z', 'XsH', 'HX', 'XSH', 'Y', 'X', 'sXH', 'sXH', 'SH', 'sH', 'sH', 'S', 'ZH', 'sXH', 'XS', 'HY', 'YH', 'I', 'YS', 's', 'HS', 'XS', 'XS', 'Y', 'XSH', 'sXH', 'S', 'XsH', 's', 'YH', 'YS', 'XsH', 'sH', 'sH', 'ZSH', 'YH', 'Z', 'XS', 'YS', 'YS', 'ZH', 'sH', 'S', 'HS', 'Z', 'HX', 'S', 'XsH', 'Hs', 'XS', 'sXH', 'HY', 'Y', 'I', 'ZH', 'XHSX', 'I', 'Y', 'XS', 'I', 'YH', 'YSH', 'XS', 'ZH', 'ZH', 'sXH', 'ZH', 'XS', 'Hs', 'Z', 'S', 'YH', 'Hs', 'X', 'HS', 'SH', 'YS', 'S', 'XH', 'YH', 'H', 'HX', 'I', 'XH', 'ZH', 'sXH', 'I', 'XHSX', 'Y', 'YH', 'XSH', 'sXH', 'I', 'Y', 'ZSH', 'YH', 'Y', 'Y', 'Y', 'Hs', 'XH', 'YSH', 'ZH', 'XsH', 'XSH', 'SH', 'Z', 'sXH', 'ZH', 'Y', 'ZSH', 'HS', 'YH', 'Y', 'H', 'XsH', 'H', 'X', 'I', 'HX', 'sXH', 'S', 's', 'YSH', 'XsH', 'XSH', 'ZH', 'ZH', 'YH', 'ZSH', 'S', 'YS', 'sXH', 'ZH', 'YSH', 'HS', 'XH', 'XHSX', 's', 'S', 'XS', 'YSH', 'XS', 'X', 'YSH', 'Z', 'XH', 'XHSX', 'XS', 'Z', 'sXH', 'H', 'Z', 'YH', 'HS', 'XH', 'Hs', 'HS', 'sH', 'S', 'Hs', 'HY', 'YS', 'ZH', 'XHSX', 'ZH', 'YS', 'sH', 'XH', 's', 'XsH', 'H', 'Y', 'HY', 'HY', 'YS', 'YH', 'X', 'SH', 'XsH', 'YSH', 'S', 'YH', 'sXH', 'H', 'Hs', 'Hs', 'XHSX', 'Y', 's', 'YSH', 'XsH', 'Hs', 'ZSH', 'Z', 'XSH', 'ZH', 'YH', 'XsH', 'HY', 'ZSH', 'sXH', 'sH', 'XS', 'ZH', 'sH', 'HS', 'XsH', 'X', 'H', 'X', 'sXH', 'YSH', 'XsH', 'XSH', 'sXH', 'YH', 'XsH', 'XS', 'Y', 'HX', 'S', 'YH', 'YS', 'Y', 'YH', 'XHSX', 'ZSH', 'X', 'SH', 'XSH', 'S', 'YS', 'I', 'XHSX', 'ZH', 'YS', 'I', 'H', 'ZH', 'sXH', 'XSH', 'XsH', 'Y', 'ZH', 'I', 'Y', 's', 'sH', 'XS', 'I', 'SH', 'XS', 'sH', 'X', 'YSH', 'XH', 'Z', 'YSH', 'X', 'Z', 'HS', 'HX', 'Z', 'ZSH', 'XsH', 'SH', 'SH', 'XH', 'sH', 'XS', 'sH', 'XSH', 'sH', 'ZH', 'ZH', 'XH', 'ZH', 'Y', 'XSH', 'XH', 'Y', 'sXH', 'XH', 'Hs', 'ZH', 'Y', 'HY', 'S', 'HS', 'YSH', 'Z', 'HS', 'XH', 'XHSX', 'YS', 'YH', 'I', 'ZH', 'Hs', 'Y', 'SH', 'ZH', 'XHSX', 'Hs', 'I', 'YS', 'ZH', 'XSH', 'sXH', 'YS', 'Y', 'XSH', 'Z', 'X', 'XSH', 'SH', 'XHSX', 'sH', 'XS', 'sH', 'I', 'YH', 'X', 'YS', 'ZH', 'HX', 'YH', 'XH', 'ZH', 'YSH', 'HS', 'H', 'XH', 'Y', 'YH', 'YSH', 'XH', 'HY', 'HX', 'sH', 'ZSH', 'XS', 'XsH', 'SH', 'XHSX']"
500,499,"{'0': 86, '1': 14}","['XH', 'HX', 'HX', 'HX', 'ZH', 'sXH', 'XHSX', 'sXH', 'HY', 'XH', 'XS', 'Y', 'XsH', 'S', 'XSH', 'HS', 'YH', 's', 'XSH', 'HX', 'ZSH', 'HX', 'Hs', 'HY', 's', 'YH', 'sH', 'ZH', 'ZH', 'XH', 'YS', 'SH', 'XSH', 'I', 'H', 'Z', 'S', 's', 'Y', 'HY', 'SH', 'YH', 'H', 'ZSH', 'XsH', 'sXH', 'sXH', 'SH', 's', 'Hs', 'sH', 'sH', 'Z', 'HS', 'Hs', 'HX', 'sH', 'XsH', 'XHSX', 'sH', 'XsH', 'XHSX', 'Z', 's', 'ZSH', 'HX', 'XH', 'sXH', 'YH', 'Z', 'XHSX', 'HY', 'HX', 'HX', 'I', 'HS', 'YS', 'I', 'Z', 'Y', 'ZSH', 'sH', 'Z', 'Hs', 'I', 'XS', 'Hs', 'sH', 'XS', 'Hs', 'XH', 'Hs', 'YS', 'I', 'XS', 'H', 'I', 's', 'HY', 'SH', 'YS', 'YH', 'ZH', 's', 'S', 'HS', 'HS', 'XHSX', 'HX', 'HY', 'SH', 'Y', 'XS', 'XsH', 'XsH', 'HX', 'sXH', 'YS', 'XSH', 'XsH', 'I', 'H', 'YSH', 'XSH', 'YH', 'S', 'HS', 'YH', 'ZSH', 'sXH', 'I', 'XsH', 'XsH', 'Y', 'sXH', 'ZSH', 'YSH', 'HY', 'SH', 'HY', 'Hs', 'X', 'YS', 's', 'sH', 'XsH', 's', 'HS', 'ZSH', 'XS', 'ZSH', 'I', 's', 'ZSH', 'HX', 'Hs', 'YSH', 'YSH', 'SH', 'I', 's', 'sXH', 'YSH', 'HS', 'S', 'Hs', 'Hs', 'YH', 'XSH', 'X', 'ZSH', 'ZSH', 'I', 'H', 'YS', 'HY', 'YH', 'XsH', 'HX', 'YH', 'Y', 'sXH', 'S', 'HS', 'YH', 'HS', 'XS', 'X', 'XHSX', 'ZSH', 'ZSH', 'X', 'YSH', 'sXH', 'XH', 'HS', 'X', 's', 'Y', 'YSH', 's', 'XH', 'YH', 'YH', 'SH', 'sXH', 'YSH', 'YSH', 'ZH', 'I', 'HX', 'XH', 'X', 'ZSH', 'H', 'YS', 'XSH', 'S', 'I', 'Z', 'S', 'HX', 'XS', 'S', 'Hs', 'XS', 'YS', 'HX', 'Y', 'Z', 'YSH', 'XsH', 'X', 'HY', 's', 'XHSX', 'YSH', 'H', 'H', 'XS', 'YS', 'X', 'I', 'S', 'sH', 'Y', 'SH', 'YH', 'YH', 'XHSX', 'YSH', 'sH', 'HS', 'YH', 'YH', 'sH', 'ZH', 's', 'XHSX', 'Z', 'XH', 'Z', 'X', 'SH', 'XsH', 'HY', 'Y', 'I', 'HS', 'Z', 'ZSH', 'I', 'X', 'sH', 'HX', 'HS', 'ZSH', 'YS', 'HY', 'H', 's', 'Hs', 'ZSH', 'ZH', 'ZH', 'sH', 's', 'Hs', 'HX', 'Hs', 'SH', 'SH', 'X', 'SH', 'HS', 'ZH', 'HX', 'HY', 'XH', 'XH', 'XsH', 'YSH', 'Hs', 'Y', 'HS', 'XHSX', 'H', 'Y', 'HY', 'YH', 'Y', 'XHSX', 'H', 'XsH', 'ZSH', 'HS', 'Z', 'Y', 'SH', 'HS', 'XH', 'ZH', 'YS', 'HY', 'H', 'XsH', 'YS', 'XS', 'HX', 'sXH', 'YS', 'YSH', 'I', 'sXH', 'XsH', 'Y', 's', 'XHSX', 'XHSX', 'sH', 'sXH', 'HX', 'XH', 'sH', 'XH', 'SH', 'I', 'X', 'HS', 'sXH', 'sH', 'YS', 'HS', 'Z', 'H', 'YSH', 'Hs', 'YH', 'I', 'YS', 'XsH', 'XsH', 'sH', 'X', 'I', 'ZSH', 'YSH', 'SH', 'sXH', 'S', 'X', 'XsH', 'XsH', 'HS', 'Z', 'SH', 'X', 'XH', 'HS', 's', 'XHSX', 'H', 'YH', 'ZSH', 'Y', 's', 'XHSX', 'XS', 'Hs', 'HX', 'ZSH', 'Hs', 'Z', 'Hs', 'Y', 'HX', 'HX', 'XsH', 'XSH', 'sXH', 'XS', 'XsH', 'S', 'HX', 'XHSX', 'ZH', 'XHSX', 'YSH', 'H', 'XsH', 'sXH', 'XH', 'Y', 'YSH', 'YS', 'XSH', 'HY', 'XH', 'X', 'ZH', 'XSH', 'XHSX', 'XS', 'XHSX', 'XSH', 'sH', 's', 'XHSX', 'Z', 'Hs', 'S', 'Z', 'Z', 'YSH', 'sH', 'XSH', 'XHSX', 'ZH', 'Y', 'YH', 'Y', 'SH', 'sXH', 'XSH', 'YH', 'H', 'X', 'ZSH', 'HX', 's', 'SH', 'XS', 'YH', 'HX', 'XHSX', 's', 'YSH', 'sH', 'HX', 'sH', 'Y', 'sH', 'Z', 'I', 'I', 'X', 'HS', 'H', 'XS', 's', 'ZH', 'Y', 's', 'Y', 'sXH', 'SH', 'Z', 'XsH', 'S', 'ZH', 'Y', 'Y', 'ZSH', 'XS', 'XH', 'YSH', 'Z', 'XsH', 'S', 'Z', 'ZH', 'Z', 'ZH', 'SH', 'HY', 'XH', 'Y', 'YS', 'HS', 'S']"
500,499,"{'0': 86, '1': 14}","['sH', 'YS', 'HX', 'XH', 'Hs', 'sXH', 'SH', 'ZH', 'YH', 'S', 'YS', 'XS', 'Hs', 'Hs', 'Z', 'XsH', 'SH', 'XS', 'YH', 'S', 'Hs', 'H', 'HX', 'XsH', 'sXH', 'XH', 'ZH', 'Y', 'HX', 'I', 's', 'sXH', 'XH', 'YS', 'HX', 'sXH', 'XS', 'XsH', 'SH', 's', 'XS', 'YSH', 'XH', 'XH', 'H', 'YSH', 'S', 'YH', 'I', 'H', 'ZH', 'HS', 'XHSX', 'YH', 'HY', 'XsH', 'YS', 'HS', 'XSH', 'HX', 'HS', 'XH', 'XSH', 'XsH', 'YSH', 'XS', 'HX', 'XHSX', 'sH', 'ZH', 'HY', 'H', 'YS', 'ZH', 'XHSX', 'Hs', 'XSH', 'ZSH', 'YS', 'XSH', 'XS', 'ZSH', 'ZH', 'YSH', 'XH', 'XSH', 'I', 'Y', 'XH', 'HX', 'ZH', 'SH', 'SH', 'YH', 'HS', 'sXH', 'H', 'S', 'YSH', 'HY', 'YS', 'ZSH', 'XsH', 'XS', 'YH', 'I', 'YSH', 'X', 'sH', 'YSH', 'Z', 'S', 'sXH', 'XHSX', 'Z', 's', 'ZSH', 'XHSX', 'HX', 'ZH', 'ZH', 'ZSH', 'ZH', 'sH', 'sXH', 'ZSH', 'H', 's', 'YS', 'YS', 'SH', 'Hs', 'HX', 'HY', 'XHSX', 's', 'XH', 'Hs', 'XH', 'HS', 'XHSX', 'HS', 'I', 'Z', 'sH', 'SH', 'YH', 'Hs', 'HS', 'I', 'X', 'H', 'YS', 'HS', 'SH', 'X', 'YSH', 'HY', 'Y', 'YS', 'H', 'HS', 'SH', 'I', 'ZSH', 'SH', 'XSH', 'ZH', 'XSH', 'I', 'Z', 'SH', 'HY', 's', 'HY', 'YH', 'ZH', 'XSH', 'sXH', 'ZH', 'Z', 'HX', 'Z', 'sH', 'HS', 'XS', 'sH', 'YH', 'XH', 'YH', 'X', 'X', 'Y', 'YS', 'Hs', 'ZH', 'YS', 'X', 'XH', 'XH', 'YH', 's', 's', 'I', 'Hs', 'SH', 'ZH', 'XS', 'HS', 'H', 'YS', 'YS', 'I', 'X', 'S', 'XsH', 'S', 'HX', 'X', 'HS', 'YS', 'XSH', 'XH', 'XHSX', 'I', 'sXH', 'XHSX', 'ZSH', 'YS', 'SH', 'SH', 'Y', 'HS', 's', 'XSH', 'ZSH', 'X', 'YSH', 'HY', 'YH', 'SH', 'HX', 'XHSX', 'S', 'HS', 'Hs', 'YSH', 'HY', 'YSH', 'SH', 'sH', 'XHSX', 'YH', 'sH', 'S', 'X', 'I', 'HY', 'S', 'Z', 'XS', 'Z', 's', 'HS', 'sH', 'SH', 'Hs', 'YSH', 'Hs', 'Hs', 'ZSH', 'HX', 'XSH', 'Z', 'ZSH', 'Z', 'HS', 'YS', 'HY', 'X', 'YH', 'Hs', 'X', 'sH', 'Z', 'X', 'XsH', 'Z', 'Y', 'Y', 'HX', 'Y', 'XSH', 'ZH', 'XH', 'X', 'YS', 'XsH', 'sXH', 'XS', 'sXH', 'XS', 'XsH', 'ZSH', 'sXH', 'XS', 'XS', 'Hs', 'H', 'HY', 'S', 'HY', 'YH', 'ZH', 'HX', 'H', 'Hs', 'YH', 'ZSH', 'S', 'Z', 'HY', 'YS', 'Y', 'HX', 'Z', 'YS', 'XH', 'sXH', 'XH', 'I', 'sXH', 'S', 'XsH', 'HY', 'XsH', 'S', 'XS', 'H', 'XSH', 'XHSX', 'I', 'YSH', 'S', 'ZH', 'sH', 'YSH', 'ZH', 'HS', 'XSH', 'I', 'HY', 'SH', 'Y', 'sXH', 'HX', 'YH', 'YS', 's', 'YSH', 'ZH', 'H', 'Z', 'HX', 'ZSH', 'YSH', 'HX', 'H', 'H', 'XHSX', 'sH', 'XHSX', 'XHSX', 'ZSH', 'sH', 'I', 'XSH', 'SH', 'I', 'HX', 'X', 'XHSX', 'X', 'HY', 'S', 'H', 'Z', 'ZSH', 'S', 'sH', 'sH', 'SH', 'I', 's', 'S', 'SH', 's', 'ZSH', 'S', 'XsH', 'sH', 'XSH', 's', 'Z', 'Y', 'XSH', 'YSH', 's', 'XH', 'YS', 'ZSH', 'I', 'sH', 'YS', 'XHSX', 'XS', 'X', 'HX', 'XH', 'XS', 'HX', 'HS', 'Z', 'sH', 'Hs', 's', 'Z', 'sXH', 'Z', 'S', 'YS', 'HY', 'S', 'XHSX', 'Hs', 'YH', 'HX', 'ZSH', 'YSH', 'Y', 'HS', 'X', 'sH', 'Z', 'HX', 'SH', 'H', 'ZSH', 's', 'HX', 'XSH', 'XS', 'HY', 'ZH', 'H', 'HY', 'HS', 'Hs', 'XS', 'XSH', 'H', 'Hs', 'XH', 'I', 'H', 'Z', 's', 'XH', 'XH', 'XHSX', 'S', 'sH', 'SH', 'I', 'XsH', 'YH', 'HY', 'XH', 'I', 'XSH', 'HY', 'XS', 'Z', 'XHSX', 's', 'HX', 'Z', 'H', 'XSH', 'SH', 'HY', 'S', 'SH', 'H', 'XH', 'X', 'XHSX', 'HX', 'ZSH', 'SH']"
500,499,"{'1': 17, '0': 83}","['sXH', 'XS', 'XH', 'XS', 'HS', 'SH', 'S', 'XS', 'SH', 'HX', 'XSH', 'XSH', 'H', 'I', 'YS', 'HX', 'XS', 'HX', 'Z', 'XH', 'HY', 'S', 'HY', 'sXH', 'HY', 'Z', 'XS', 'HS', 'sH', 'XS', 'YSH', 'Y', 'HS', 'ZH', 'XsH', 'HX', 'H', 'HS', 'XS', 'X', 'H', 'S', 'I', 'ZH', 's', 'YSH', 'sH', 'XSH', 'XSH', 'I', 'ZH', 'XHSX', 'I', 'Hs', 'sXH', 'HS', 'YSH', 'ZSH', 'Y', 'Hs', 'YH', 'sXH', 'XS', 'ZH', 'X', 'XS', 'sH', 'HS', 'HX', 'XSH', 'Hs', 'X', 'XHSX', 'YH', 'Hs', 'HS', 'sXH', 'ZSH', 'XH', 'HX', 'Hs', 'HX', 'I', 'sH', 'YH', 'XSH', 'XH', 'SH', 'XSH', 'HS', 'S', 'YSH', 'ZSH', 'sH', 'Y', 'XS', 'XHSX', 'I', 'sXH', 'sH', 'sXH', 'SH', 'sXH', 'Z', 'HS', 'sXH', 'X', 'XHSX', 'S', 'HX', 'HS', 'H', 'X', 'XS', 'H', 's', 'HX', 'S', 'Hs', 'sH', 'ZH', 'H', 'XsH', 'HX', 'XsH', 'XSH', 'SH', 'SH', 'sH', 'X', 'XH', 'Z', 'XH', 'Hs', 'Hs', 'X', 'XH', 'HY', 'HX', 'sXH', 'ZH', 'XS', 'XS', 'XH', 'XsH', 'HX', 'S', 'ZH', 'HS', 'sXH', 'HY', 'Hs', 'I', 'Y', 'YSH', 'HY', 'XHSX', 'YS', 'YH', 'YSH', 'H', 'sH', 'YSH', 'H', 'HS', 'YH', 'Z', 'S', 'YH', 'YH', 'S', 'HS', 'YH', 'ZSH', 'ZH', 'SH', 'XH', 'sH', 'YSH', 'SH', 'I', 'ZH', 'ZSH', 'XHSX', 'XH', 'YSH', 'SH', 'XS', 'YH', 'YSH', 'Z', 'XS', 'Z', 'X', 'Z', 'sH', 'YH', 'sXH', 'H', 'Z', 'YH', 'HX', 'sH', 'S', 'XsH', 'Z', 'ZSH', 'YSH', 'XS', 'XS', 'ZSH', 'ZH', 'YH', 'XSH', 'sXH', 'HY', 'XH', 'HX', 'X', 'ZH', 'XHSX', 'Z', 'XH', 'SH', 'H', 'X', 'SH', 'XSH', 'Hs', 'H', 'sH', 'S', 'YH', 'ZSH', 'ZH', 'ZH', 'sXH', 'S', 'HX', 'Y', 'ZSH', 'H', 'I', 's', 'S', 'Z', 'sH', 'I', 's', 'XSH', 'YS', 'X', 'Y', 'Y', 'XS', 'SH', 'I', 'XH', 'S', 'Z', 'XsH', 'XsH', 'S', 'SH', 'HS', 'YH', 'H', 'HY', 'sH', 'sXH', 'HS', 'sXH', 'sXH', 'XH', 'HX', 'Hs', 'XS', 'H', 'ZH', 'sH', 'Hs', 'SH', 'Y', 'YSH', 'ZSH', 'ZSH', 'SH', 'YS', 'XsH', 'HY', 'sH', 'Y', 'H', 'YH', 'ZSH', 'H', 'sH', 'SH', 'YSH', 'X', 'Hs', 'Y', 'I', 'I', 'Z', 'Hs', 'YSH', 'HY', 'HS', 'Z', 'S', 'sXH', 'SH', 'H', 'sXH', 'sXH', 'XsH', 'XS', 'Z', 's', 'XHSX', 'X', 'XS', 'XsH', 'Z', 'ZH', 'YS', 'HS', 'sH', 'HY', 'Z', 'HX', 's', 's', 'Z', 'HX', 'ZH', 'SH', 'XHSX', 'XH', 'HY', 'XsH', 'YH', 's', 'sH', 'ZH', 'H', 'ZSH', 'H', 'ZH', 'XH', 'HS', 'XHSX', 'YS', 'sH', 'I', 'H', 'sH', 'Y', 'SH', 'I', 'XS', 'ZSH', 'XsH', 'XsH', 'S', 'HY', 'HS', 'XSH', 'H', 'Z', 'Z', 'XH', 'XH', 'sH', 'HX', 'XHSX', 'X', 'ZH', 'sH', 'Z', 'sXH', 'XHSX', 'SH', 'I', 'XHSX', 'YH', 'ZSH', 'Z', 'YH', 'S', 'S', 'ZSH', 'YS', 'Z', 'YSH', 'XHSX', 'X', 'XS', 'S', 'XH', 'Hs', 'HX', 'XsH', 'Y', 'HX', 'XS', 'HX', 'ZSH', 'Z', 'Hs', 'sXH', 'YS', 'YS', 's', 'YSH', 'YS', 'Z', 'XH', 'HX', 'S', 'XHSX', 'ZH', 'YH', 'X', 'Z', 'sXH', 'sH', 'HS', 'sXH', 'S', 'YSH', 'HY', 'YS', 's', 'XSH', 'ZSH', 'H', 'XHSX', 'ZSH', 'YS', 'S', 'XHSX', 'sXH', 'HS', 'XHSX', 's', 'SH', 'XsH', 'XHSX', 'HS', 'Y', 'HY', 'YSH', 'ZH', 'HS', 'Y', 'XHSX', 'XS', 'XS', 'HX', 'XSH', 'I', 'sXH', 'YS', 'S', 'XS', 'sH', 'sXH', 'H', 'ZSH', 'I', 'Z', 'XsH', 'HX', 'Z', 'XH', 'XSH', 'Z', 'H', 'sXH', 'S', 'YS', 'SH', 'sH', 'YH', 'XsH', 'I', 'S', 'sH', 'XS', 'HY', 'XH', 'ZSH', 'X', 'XH', 'S', 'ZH', 'sH', 'sXH']"
500,499,"{'0': 89, '1': 11}","['HS', 'YH', 'sH', 'sH', 'Y', 'XSH', 'XS', 'YS', 'H', 'XH', 's', 'HS', 'YS', 'XHSX', 'HS', 'ZSH', 'XS', 'HS', 'YS', 'XsH', 'ZH', 'Y', 's', 'XH', 'YS', 'YH', 'HX', 'X', 'I', 'S', 'X', 'XS', 'I', 'YSH', 'XSH', 'I', 'SH', 'sXH', 'X', 'ZSH', 'XsH', 'HY', 'ZH', 'XHSX', 'S', 'sH', 'HS', 'SH', 'HS', 'Z', 'YH', 'ZH', 'sXH', 'SH', 'YSH', 'HS', 'sXH', 'XsH', 'sH', 'HY', 'YSH', 'YSH', 'XHSX', 'I', 'YSH', 'ZH', 'YSH', 'XH', 'Hs', 'HX', 'HY', 'I', 'XsH', 'H', 'Z', 'H', 'XHSX', 'XHSX', 's', 'Hs', 'X', 'XSH', 'XS', 'HS', 'HX', 'Z', 'S', 'ZSH', 'sH', 'HX', 'XHSX', 'YS', 'sH', 'Y', 'XS', 'XH', 'Y', 'XsH', 'XSH', 'YSH', 'sH', 'sH', 'S', 'HY', 'ZH', 'Y', 'X', 'HS', 'Hs', 'sH', 'YH', 'XsH', 'H', 'Y', 'H', 'XS', 'X', 'ZH', 'YS', 'Y', 'XHSX', 'S', 's', 'ZSH', 'YS', 'ZSH', 'SH', 'Z', 'XsH', 'SH', 'S', 'Hs', 'YS', 'ZSH', 'Y', 'sXH', 'ZSH', 'XSH', 's', 'XH', 'X', 'I', 'HY', 'HS', 's', 'XS', 'YSH', 'sH', 'HS', 'sXH', 'YH', 'X', 'XSH', 'I', 'XHSX', 'I', 'YSH', 'X', 'HS', 'SH', 'XsH', 'ZSH', 'H', 'XS', 'YSH', 'X', 'XsH', 'Hs', 'H', 'HX', 'YSH', 'ZSH', 'sH', 'XS', 'XS', 'HX', 'YS', 'XHSX', 'Z', 'S', 'sH', 'X', 'HX', 'HX', 'Hs', 'XS', 'Y', 'YH', 'YS', 'YH', 'XHSX', 'ZSH', 'SH', 'H', 's', 's', 'HX', 'YSH', 'YS', 's', 'HX', 'ZSH', 'YH', 'ZSH', 'S', 'ZSH', 'Y', 'X', 'I', 'SH', 'SH', 'ZH', 'YS', 's', 'Z', 'HS', 'YS', 'XsH', 'X', 'sXH', 'YSH', 'ZSH', 'HY', 'YS', 'Hs', 'sH', 'XsH', 'HS', 'HS', 'X', 'YH', 'XSH', 'XH', 'ZSH', 'X', 'XSH', 'YSH', 'YS', 'XSH', 'X', 'YSH', 'YH', 'XsH', 'HX', 'ZSH', 'sH', 'ZH', 'I', 'XSH', 'YSH', 'ZSH', 'Y', 'YH', 'HY', 'XSH', 'XH', 'sH', 'ZH', 'YSH', 'S', 'YSH', 'XHSX', 'YSH', 'S', 'ZSH', 'XHSX', 'XSH', 'HS', 'ZH', 'YSH', 'XHSX', 'Hs', 'YH', 'H', 'ZSH', 'sH', 'Y', 'S', 'XHSX', 'Y', 'Z', 's', 'ZSH', 'X', 'Y', 'YS', 'X', 'Hs', 'I', 'HX', 'YH', 'Z', 'SH', 'XH', 'XH', 'XH', 'SH', 'Y', 'I', 'HX', 's', 'sH', 'sH', 'YS', 'I', 'sH', 'ZH', 'Y', 'sH', 'YSH', 'XS', 'Hs', 'X', 'sH', 'Y', 'HS', 'Hs', 'sXH', 'X', 'HX', 'Z', 'ZH', 'S', 'YSH', 'XsH', 'Y', 'XS', 'YS', 'YSH', 'HX', 'XS', 'XS', 'XS', 'SH', 'YSH', 'I', 's', 'XHSX', 'YS', 'S', 'Hs', 'XS', 'HS', 'HX', 'H', 'H', 'HX', 'Y', 'XS', 'HX', 'Y', 'HY', 'YS', 'ZSH', 'YH', 'XSH', 'sH', 'XS', 'Hs', 'ZSH', 'XS', 'YS', 's', 'XSH', 'YH', 'sXH', 'X', 'Hs', 'YS', 'S', 'XS', 'YS', 'YSH', 'HX', 's', 'S', 'HS', 'XSH', 'sXH', 'SH', 'S', 'Y', 'Hs', 'sXH', 'YSH', 'XS', 'XSH', 'sXH', 'sH', 'H', 'Y', 'XSH', 'XH', 'HS', 'Y', 'XS', 'YH', 'HS', 'YS', 'ZSH', 'S', 'ZH', 'sXH', 'XH', 'HS', 'H', 'sXH', 'HX', 's', 'Y', 'XsH', 'XH', 'HY', 'ZSH', 'SH', 'HS', 'XSH', 'XsH', 'XS', 'Z', 'XH', 'S', 'S', 'XS', 'HS', 'XH', 'sH', 'XHSX', 'I', 'Y', 'XH', 'I', 'YSH', 'XS', 'YS', 'SH', 'HX', 'XsH', 'XH', 'YH', 'S', 'HY', 'XsH', 'Z', 's', 'XS', 'Y', 'Y', 'XH', 'S', 'XsH', 'Y', 'ZH', 's', 'XsH', 'XHSX', 'XHSX', 'XsH', 'Z', 'ZH', 'X', 'X', 'X', 'ZSH', 'HY', 'YS', 'XH', 'YH', 'HY', 'I', 'XS', 'XH', 'Hs', 'XS', 'YH', 'Y', 'YH', 'YH', 'I', 'XSH', 'HS', 'SH', 'X', 'Hs', 'H', 'Hs', 'XSH', 'ZSH', 'YSH', 'HX', 'Z', 'ZSH', 'SH', 'XS', 'YH', 'ZSH', 'HY', 's', 'H', 'Y']"
500,499,"{'0': 89, '1': 11}","['Y', 'H', 's', 'XS', 'SH', 'XHSX', 'YS', 'sXH', 'HS', 'sXH', 'HS', 's', 'Z', 'YSH', 'Z', 'YS', 'S', 'XsH', 'HS', 'SH', 'I', 'XH', 'HX', 'Y', 'XH', 'Z', 'HS', 'ZSH', 'XS', 'XHSX', 'XS', 'X', 'YH', 'Z', 's', 's', 'SH', 'XsH', 'HX', 'I', 'Hs', 'ZH', 's', 'XH', 'sH', 'XSH', 'YS', 'sXH', 'H', 'XSH', 'XsH', 'sH', 'XsH', 'H', 'ZH', 'HY', 'HS', 'XS', 's', 'X', 'XSH', 'Z', 'YS', 'XH', 'YSH', 'sH', 'YS', 'ZSH', 'X', 'XSH', 'YS', 'Y', 'I', 'sXH', 'S', 'YSH', 'I', 'XH', 'sXH', 'Hs', 'HY', 'YH', 'H', 'XS', 'YSH', 'YH', 'SH', 'SH', 'YS', 'HX', 's', 'XS', 'Y', 'XS', 's', 's', 'XHSX', 'XHSX', 'Z', 'I', 'sH', 'sH', 'XSH', 'Hs', 'Z', 'Y', 'YH', 'XHSX', 'H', 'I', 's', 'XH', 'S', 'YSH', 'ZH', 'I', 'ZSH', 'sH', 'YSH', 'ZH', 'Hs', 'HX', 'YS', 'XsH', 'XS', 'Hs', 'Hs', 'SH', 's', 'S', 's', 'SH', 'sH', 'YSH', 'HS', 'Hs', 'HY', 'YH', 'YS', 'ZH', 'HX', 's', 'H', 'HY', 'HX', 'I', 'sXH', 'sXH', 'sH', 'HY', 'XHSX', 'YS', 'HX', 'H', 'sH', 'sXH', 's', 'HY', 'YSH', 'sXH', 'I', 'sH', 'sH', 'Hs', 'I', 'H', 'XH', 'ZH', 'HS', 'XHSX', 'HX', 'ZH', 'Z', 'HS', 'XS', 'XHSX', 'HY', 's', 'S', 'X', 'SH', 'HX', 'ZH', 'XS', 'sXH', 'ZSH', 'Hs', 'sXH', 'XSH', 'sH', 'Z', 'S', 'S', 'ZSH', 'HS', 'Z', 'X', 'YS', 'XH', 'YH', 'Hs', 'XHSX', 'YS', 'HX', 'HY', 'Hs', 'Z', 'HY', 'S', 'Y', 'sH', 'XH', 'SH', 'Z', 'HX', 'HY', 'HY', 'Y', 'X', 'Y', 'XsH', 'YSH', 'Z', 'sH', 'YH', 'YH', 'XsH', 'XHSX', 'XsH', 'HX', 'XH', 'XSH', 'XH', 'ZSH', 'ZSH', 'SH', 'XH', 'XHSX', 'H', 'S', 'YS', 'ZH', 'XH', 'XSH', 'sXH', 'SH', 's', 'I', 'S', 'Hs', 'sH', 'HY', 'XHSX', 'YSH', 'sXH', 'Z', 'Hs', 'S', 'YS', 'I', 'YS', 'XsH', 'H', 's', 'SH', 'XH', 'sXH', 'Y', 'sH', 'HS', 'XS', 'Y', 'XH', 'X', 'XSH', 'YS', 'HY', 'S', 'XH', 'S', 'HY', 'H', 'XsH', 'HY', 'sH', 'YH', 'Y', 'HX', 'XS', 'Y', 'YH', 'sXH', 'sH', 'Y', 'sH', 'sXH', 'YH', 'I', 'Y', 'XHSX', 'YH', 'H', 'HX', 'YSH', 'X', 'ZH', 'HX', 'SH', 'XHSX', 'SH', 'H', 'XSH', 'sH', 'YH', 'S', 'XS', 'sXH', 'ZSH', 'ZH', 'Y', 'XSH', 'S', 's', 'XSH', 'HX', 'HS', 'XS', 'XSH', 'X', 's', 'XSH', 'sH', 'XSH', 'YH', 'I', 'Y', 'SH', 'Hs', 'YS', 'Z', 'HX', 'YS', 'sH', 'I', 'XHSX', 'XS', 'HX', 'SH', 's', 'YSH', 'ZSH', 'H', 'XSH', 'Z', 'sH', 'YS', 'YSH', 'X', 'XSH', 'ZSH', 'H', 'XHSX', 'YSH', 'SH', 'HS', 'HS', 'Z', 'SH', 'SH', 'HS', 'XsH', 's', 'S', 'S', 'sXH', 'YS', 's', 'sH', 'HX', 'XHSX', 'ZSH', 'XH', 'Hs', 'YH', 'XH', 'S', 'SH', 'sH', 'XH', 'ZSH', 'YS', 'Hs', 'SH', 'YH', 'XHSX', 'Y', 'X', 'HS', 'HS', 's', 'XH', 'S', 'XsH', 'S', 'X', 'X', 'Z', 'ZSH', 'Hs', 'S', 'Hs', 'XsH', 'S', 'sXH', 'X', 'SH', 'YS', 'Hs', 'X', 'XsH', 'XS', 'X', 'S', 'XH', 'Hs', 'HY', 'ZSH', 'X', 'XSH', 'HY', 'HY', 'ZH', 'YS', 'ZH', 'XsH', 'HY', 'X', 'XH', 'XHSX', 'YS', 'ZH', 'ZH', 'XSH', 'XS', 'YH', 'Z', 'sXH', 'XSH', 'X', 'H', 'HX', 'Hs', 'sH', 'XsH', 'HS', 'SH', 'Z', 'X', 'Y', 'HX', 'S', 'Z', 'X', 'ZSH', 'XH', 'ZSH', 'YS', 'I', 'XS', 's', 'sH', 's', 'H', 'SH', 'XsH', 'ZH', 'YSH', 'SH', 'YH', 'ZSH', 'Z', 'Z', 'I', 'Hs', 'Z', 'XH', 'H', 'HY', 'X', 'Hs', 'Hs', 'HS', 'I', 'X', 'YH', 'H', 'sH', 'XsH', 'HS', 'ZH']"
